Area,Perimeter,MajorAxisLength,MinorAxisLength,AspectRation,Eccentricity,ConvexArea,EquivDiameter,Extent,Solidity,roundness,Compactness,ShapeFactor1,ShapeFactor2,ShapeFactor3,ShapeFactor4,Class
140867.59,1414.91,501.6,361.05,2.09,0.77,142672.07,423.45,-1.05,0.32,0.54,1.35,-0.43,0.33,-0.26,-0.97,BOMBAY
141517.71,1444.46,522.6,347.21,1.58,-0.02,143783.9,423.88,0.73,-0.01,2.25,0.84,0.5,-0.91,0.29,2.39,BOMBAY
144058.26,1463.63,537.35,344.37,0.45,1.41,145733.58,428.9,-0.12,-0.05,-0.33,-0.42,0.46,0.87,0.52,1.5,BOMBAY
137113.99,1426.22,518.29,338.35,0.15,1.34,138970.49,417.88,0.5,0.79,1.49,1.61,-0.18,-1.16,-0.07,0.35,BOMBAY
132398.08,1337.59,487.47,345.77,1.42,0.44,133435.17,410.59,-0.06,1.54,1.56,1.75,-0.0,1.76,1.48,1.62,BOMBAY
138114.95,1368.1,482.88,365.54,0.1,1.06,139491.6,418.99,1.87,1.53,0.83,0.24,0.13,-0.57,0.7,1.06,BOMBAY
140963.72,1426.39,538.16,335.7,-0.48,0.62,142172.83,423.53,2.45,0.71,1.25,2.49,0.61,-0.53,-0.11,2.26,BOMBAY
139523.57,1411.21,501.09,354.63,1.76,2.54,140891.17,422.27,0.92,0.15,0.41,0.76,-1.97,0.2,-1.45,1.1,BOMBAY
134011.13,1385.82,518.01,332.96,1.87,2.01,135499.74,413.65,0.36,0.69,1.0,0.94,-0.12,-1.28,0.71,-0.03,BOMBAY
134252.64,1391.15,523.97,327.18,1.09,-0.35,135410.32,413.79,1.74,2.52,1.88,-0.82,-0.22,-0.7,-0.01,-0.21,BOMBAY
134011.64,1386.01,517.51,330.6,1.6,0.52,135499.09,412.42,0.05,0.56,0.36,-0.48,-1.55,1.57,1.99,2.07,BOMBAY
142237.41,1426.38,518.16,352.21,1.86,0.95,143763.99,424.6,-1.77,0.36,0.54,1.48,0.99,0.06,1.23,-0.54,BOMBAY
139840.43,1430.08,523.91,341.75,2.8,0.14,141673.17,422.95,-0.61,0.63,0.98,1.08,0.12,1.16,1.07,1.55,BOMBAY
132255.21,1357.91,496.94,339.08,2.52,0.92,133551.93,409.37,0.65,0.66,0.77,0.14,0.78,2.55,0.5,2.12,BOMBAY
139840.65,1429.2,523.86,341.31,1.59,0.47,141671.85,421.76,1.77,0.22,1.51,-0.5,-0.93,0.93,0.8,3.39,BOMBAY
138973.43,1404.08,509.95,351.79,3.19,1.23,140912.36,421.92,1.25,0.39,0.74,0.62,1.56,0.86,-0.06,0.08,BOMBAY
143602.09,1404.61,518.58,357.92,0.6,1.58,145401.24,428.06,0.85,0.18,1.56,0.15,-1.39,0.66,0.93,-1.11,BOMBAY
137115.27,1426.71,518.73,337.16,1.57,1.11,138969.95,417.22,1.6,-0.09,1.9,-0.59,-0.24,1.13,1.19,1.59,BOMBAY
137114.32,1426.3,518.02,337.97,2.16,0.73,138969.74,418.15,0.16,1.16,1.47,1.8,-1.41,-1.12,2.2,0.89,BOMBAY
143603.1,1405.71,517.29,357.43,1.51,-0.22,145397.77,429.12,0.63,-1.0,1.83,0.44,-0.53,-0.01,-0.51,0.18,BOMBAY
139686.71,1402.02,507.04,350.38,0.53,1.38,141092.04,419.05,3.15,0.94,1.78,-0.4,1.91,-0.29,0.97,2.79,BOMBAY
138114.64,1367.64,484.89,364.02,1.14,0.26,139492.48,418.96,-1.57,0.57,2.66,1.37,0.34,0.98,2.35,2.9,BOMBAY
138244.29,1394.14,510.61,346.84,1.68,0.26,139248.05,421.34,-0.78,3.53,0.69,0.17,0.47,-1.26,-0.5,1.61,BOMBAY
142592.51,1407.19,520.7,350.93,2.18,0.71,144324.15,426.7,0.12,-0.68,0.11,0.62,1.99,1.75,0.85,0.72,BOMBAY
140961.79,1425.29,539.16,335.52,2.53,1.26,142172.52,422.15,0.84,-0.14,1.15,1.51,2.08,1.12,0.06,0.6,BOMBAY
129805.27,1357.73,494.44,336.48,2.18,-0.48,131150.35,406.31,2.91,1.05,1.48,0.87,-0.09,0.34,1.1,-0.71,BOMBAY
144056.96,1463.59,536.89,342.71,1.68,-0.01,145732.95,428.99,0.24,0.77,0.56,3.24,-0.68,-1.68,-0.02,-0.34,BOMBAY
141952.6,1400.31,525.21,346.25,2.08,-0.22,143703.91,425.82,-0.41,-0.3,0.46,1.86,-1.78,-0.62,1.69,-0.78,BOMBAY
144058.97,1463.57,535.95,342.06,1.69,1.49,145733.14,428.54,-0.19,0.96,1.72,0.15,0.35,0.41,2.45,0.54,BOMBAY
137113.49,1426.26,519.29,337.64,1.19,-0.44,138970.16,417.51,0.84,1.15,-1.88,-0.02,2.1,-1.08,1.5,0.37,BOMBAY
128118.0,1359.06,503.32,326.63,2.2,0.75,129273.6,403.66,4.17,0.84,0.81,-0.17,-0.76,-0.51,1.36,0.91,BOMBAY
134252.11,1393.12,523.68,325.22,3.02,2.48,135409.14,413.87,-0.28,1.86,0.55,1.27,-0.72,0.72,1.23,2.19,BOMBAY
138113.49,1367.68,484.15,366.18,1.04,0.17,139491.89,419.45,1.13,1.09,1.15,-0.19,1.22,-0.5,-0.01,1.67,BOMBAY
140312.53,1431.54,515.71,347.88,1.69,-0.37,141967.41,421.7,0.96,1.38,1.22,1.48,0.62,0.79,-0.58,0.69,BOMBAY
142400.86,1429.94,525.86,346.06,1.76,0.88,143783.38,425.64,1.19,2.24,0.98,0.06,-0.18,-0.96,2.33,1.46,BOMBAY
142238.78,1426.3,515.94,350.55,0.04,1.56,143763.42,425.2,1.02,1.43,0.83,0.86,-1.49,-0.33,0.27,1.86,BOMBAY
131249.01,1373.84,521.24,324.48,1.36,2.55,132829.42,408.08,1.46,1.52,-1.37,0.36,-1.12,0.63,0.87,0.43,BOMBAY
117032.7,1265.65,424.2,352.49,-0.2,1.87,118020.63,386.59,2.13,0.65,0.82,1.33,-0.26,-0.27,1.96,-0.45,BOMBAY
137073.36,1433.25,526.55,335.84,3.09,0.83,139518.02,417.4,1.32,-0.96,0.83,-0.06,-0.17,0.98,0.7,1.11,BOMBAY
131487.18,1368.57,484.47,344.16,1.88,0.54,132903.54,406.54,-0.17,-0.23,-0.52,-0.3,0.14,-0.67,0.45,1.14,BOMBAY
117032.16,1266.98,424.52,350.11,0.63,0.38,118020.88,386.44,0.89,1.45,0.86,0.11,0.57,0.8,1.25,2.17,BOMBAY
126504.07,1327.17,474.8,339.19,3.58,1.35,128219.5,400.95,2.16,0.09,1.38,1.74,-0.1,0.12,1.05,0.52,BOMBAY
131249.79,1375.04,521.17,325.31,0.63,-0.37,132830.43,407.45,2.06,-0.31,1.01,0.45,0.57,2.07,-0.0,0.75,BOMBAY
130070.24,1362.64,486.18,343.72,1.25,2.05,131859.48,406.33,0.58,1.48,1.65,1.17,0.24,-2.24,1.92,0.94,BOMBAY
135222.57,1371.2,496.9,348.18,1.39,1.08,136191.68,416.44,-1.84,1.89,1.16,0.04,-1.23,1.2,0.58,-0.82,BOMBAY
114004.46,1279.21,450.71,324.39,0.28,1.8,115297.27,383.12,0.43,1.75,-0.41,1.14,0.56,0.9,0.63,1.46,BOMBAY
133760.09,1371.18,482.67,355.06,1.92,-0.03,135149.83,412.36,-0.04,1.34,2.11,-0.03,0.53,-1.28,1.12,-0.8,BOMBAY
144057.41,1464.26,536.12,342.98,0.23,0.87,145732.96,427.37,0.15,2.0,1.02,0.06,0.43,0.18,1.1,0.17,BOMBAY
129409.5,1348.62,483.17,343.97,1.13,2.37,130688.63,404.81,-0.5,0.37,-1.71,0.36,-1.25,0.54,1.49,0.11,BOMBAY
114005.85,1279.25,451.74,323.96,3.62,0.41,115298.92,380.27,1.41,1.9,1.39,-0.02,0.43,-1.59,-0.06,1.82,BOMBAY
138777.03,1403.52,502.76,352.22,2.4,0.46,140143.97,419.39,1.71,1.51,-0.37,-1.24,0.0,-0.43,2.27,1.03,BOMBAY
137073.93,1432.67,526.45,333.52,1.68,-0.37,139516.29,417.38,1.49,1.36,-1.32,1.1,-2.27,0.24,0.35,1.09,BOMBAY
141382.3,1428.38,524.25,344.23,2.19,-1.23,143530.64,425.55,0.1,-0.19,0.33,0.13,0.16,-0.38,0.4,2.7,BOMBAY
139638.64,1377.43,473.66,376.49,-1.01,0.13,140540.61,421.99,2.43,0.09,1.32,-0.87,1.29,0.91,1.32,2.09,BOMBAY
137358.6,1364.56,509.9,344.77,1.85,-0.28,138092.53,417.52,0.57,1.67,1.04,-0.56,-1.0,1.19,1.45,1.99,BOMBAY
126502.71,1326.53,476.5,338.77,-0.63,0.32,128220.24,401.77,1.02,1.84,0.29,2.64,0.84,1.41,1.25,0.98,BOMBAY
139638.46,1380.29,474.66,376.82,3.22,0.14,140541.69,422.33,1.25,1.5,0.43,0.32,-0.98,0.64,0.77,-1.82,BOMBAY
135897.49,1384.22,511.11,342.2,0.63,0.43,137540.79,416.22,0.02,1.68,1.27,-1.11,-1.4,-0.66,-0.0,2.06,BOMBAY
132254.14,1356.37,498.19,339.89,0.62,1.73,133552.6,409.77,0.2,-1.01,0.87,1.98,-0.33,-2.56,-0.1,2.94,BOMBAY
137356.03,1363.84,506.98,345.57,0.16,1.31,138091.18,419.31,2.54,1.14,-0.05,-0.93,0.17,0.44,-0.45,1.79,BOMBAY
141384.05,1430.04,527.74,346.56,1.35,0.73,143529.8,423.95,-0.81,-0.87,0.96,-0.13,0.81,0.67,0.6,1.38,BOMBAY
138243.42,1396.76,510.24,345.7,0.82,2.4,139250.13,418.6,-0.03,2.0,1.29,0.48,-2.13,-0.19,1.62,1.28,BOMBAY
132399.39,1335.42,487.97,346.37,1.82,0.32,133432.43,410.7,0.81,2.27,1.38,-0.1,-0.03,-1.05,1.72,-1.46,BOMBAY
137517.14,1416.92,520.15,339.91,1.57,0.63,139153.51,418.86,0.77,-0.08,1.91,0.76,0.89,-0.33,0.38,0.18,BOMBAY
141851.26,1433.96,525.4,346.55,1.2,1.75,143679.33,425.38,1.67,1.28,0.32,1.67,-0.08,0.59,0.1,2.24,BOMBAY
134011.68,1385.73,516.85,332.54,2.99,1.03,135498.84,411.99,0.42,0.77,-1.44,-0.19,0.95,-1.07,0.06,1.34,BOMBAY
137357.34,1363.92,508.58,346.14,1.01,1.2,138091.8,417.45,0.83,0.31,0.85,1.71,0.1,-1.14,1.09,-0.05,BOMBAY
138113.24,1367.6,483.04,363.49,2.25,-0.3,139490.27,419.26,1.59,0.88,0.54,0.18,-0.08,-0.3,0.34,1.88,BOMBAY
144076.99,1462.55,536.73,347.58,0.78,-0.07,146415.24,429.34,1.93,1.22,-0.47,0.24,0.74,0.56,0.11,0.9,BOMBAY
137357.53,1366.01,509.11,344.69,1.95,-0.3,138093.48,418.86,-0.96,1.93,2.3,0.33,1.0,-1.1,-0.54,2.69,BOMBAY
132254.51,1357.45,498.11,338.57,-0.29,0.97,133552.95,411.42,2.59,1.22,1.2,1.56,1.38,0.18,-0.34,-0.17,BOMBAY
141385.12,1429.25,524.66,344.2,2.61,1.42,143529.93,424.88,2.47,-0.57,1.51,1.1,-0.56,0.94,0.64,2.73,BOMBAY
135222.74,1371.33,494.08,347.51,1.7,1.94,136192.54,415.2,2.06,-0.69,-0.93,0.87,0.9,-1.18,-0.52,2.29,BOMBAY
126502.84,1326.63,476.25,339.29,1.12,0.16,128219.2,401.25,1.25,1.05,1.07,1.04,-1.7,0.21,-1.3,0.84,BOMBAY
126503.25,1327.04,475.82,339.56,1.2,1.9,128220.68,402.94,0.1,1.31,1.57,0.79,-1.18,1.66,1.9,0.03,BOMBAY
142237.84,1425.0,514.37,352.69,1.74,1.5,143765.22,425.95,0.64,-0.15,0.7,1.54,0.23,-0.53,-1.31,-0.14,BOMBAY
134251.93,1390.59,523.67,329.14,3.29,1.37,135408.04,413.45,2.64,1.98,3.26,2.17,1.52,-0.81,2.94,1.57,BOMBAY
140865.75,1413.11,501.26,357.94,0.16,0.01,142673.32,423.28,0.49,0.1,0.11,1.96,0.3,0.25,0.75,1.76,BOMBAY
138115.12,1367.76,486.05,363.68,1.09,1.95,139489.48,419.35,1.23,0.24,-0.89,0.54,-0.89,-1.52,-0.23,1.86,BOMBAY
141519.13,1443.56,523.02,347.1,-1.08,-0.17,143783.42,423.58,1.29,0.47,1.18,1.72,-1.02,1.51,0.64,3.09,BOMBAY
141952.79,1402.28,524.19,346.05,2.26,3.17,143703.37,425.67,2.24,2.01,0.94,2.43,-1.43,0.77,0.44,-0.27,BOMBAY
126502.67,1325.49,475.85,340.37,0.26,2.16,128220.14,401.43,1.79,2.35,1.49,1.21,-0.45,0.78,2.0,2.98,BOMBAY
135223.88,1372.1,496.98,349.29,2.37,-0.35,136192.34,416.13,2.29,0.27,-1.13,3.87,-0.77,-0.4,0.2,0.31,BOMBAY
126506.16,1327.39,474.22,339.81,2.63,1.54,128220.06,399.7,1.43,1.8,-0.37,2.12,0.72,0.92,1.38,1.67,BOMBAY
135222.76,1370.78,495.23,348.2,-1.79,-0.04,136192.67,416.68,-0.51,1.1,1.32,1.77,0.54,2.23,1.43,2.13,BOMBAY
132889.96,1373.23,500.9,341.22,-0.22,1.5,134323.21,410.61,0.41,2.24,-0.57,0.02,0.21,0.24,1.53,-0.13,BOMBAY
135403.27,1381.94,522.8,330.16,1.39,1.47,137617.87,415.27,1.29,0.9,2.33,-0.24,1.26,0.27,0.63,0.36,BOMBAY
132253.87,1356.45,499.19,340.05,1.96,1.6,133554.27,409.33,0.83,1.9,-0.56,1.14,0.69,-0.2,-0.04,0.15,BOMBAY
134011.66,1384.17,517.05,331.28,0.76,-0.45,135500.72,414.19,1.9,1.3,2.44,0.55,-0.17,0.71,0.98,2.17,BOMBAY
140868.0,1414.15,499.98,360.88,1.3,1.08,142671.86,424.89,1.41,-0.71,0.29,1.41,0.51,-1.62,0.84,0.32,BOMBAY
142399.61,1431.79,524.28,345.19,-0.49,1.54,143783.58,424.73,0.0,1.82,-0.59,2.49,0.49,-0.41,0.93,1.3,BOMBAY
140963.99,1425.19,538.1,333.86,1.29,-0.07,142172.86,424.17,0.31,0.07,-0.08,1.97,-0.81,-2.46,0.48,0.85,BOMBAY
143602.76,1405.12,515.91,356.65,1.66,1.69,145399.02,426.19,0.9,0.48,1.74,-0.08,0.65,1.06,2.38,1.27,BOMBAY
126504.23,1328.14,475.77,339.26,0.24,0.77,128220.01,401.41,0.9,-0.71,2.57,-0.34,0.1,-0.97,0.58,1.49,BOMBAY
137747.3,1389.42,499.5,352.72,1.87,1.74,138868.02,419.81,0.98,0.7,2.07,1.17,-0.78,-1.0,0.19,0.3,BOMBAY
114004.39,1278.68,452.03,323.8,3.14,0.71,115297.43,381.23,1.08,0.84,-1.31,0.41,-1.05,-1.09,1.2,1.04,BOMBAY
137116.03,1425.12,518.73,337.27,1.82,2.72,138970.05,418.23,0.04,-0.14,1.33,1.63,-1.05,-0.18,1.34,-0.48,BOMBAY
142155.31,1377.95,500.49,361.96,1.04,1.19,143074.9,425.2,2.21,1.54,1.65,0.49,0.94,-0.11,3.18,2.87,BOMBAY
143603.41,1404.07,516.63,355.78,2.81,1.52,145400.34,427.82,-0.84,2.13,1.12,2.34,-1.17,1.15,-0.05,0.84,BOMBAY
138113.66,1369.58,485.42,363.42,0.06,-0.42,139490.94,419.16,0.4,0.27,-0.01,-0.16,0.25,0.11,2.32,1.14,BOMBAY
139839.86,1429.86,525.67,341.3,1.84,1.88,141671.98,421.79,0.57,1.04,1.64,-1.43,-1.76,0.39,1.69,1.56,BOMBAY
142593.0,1407.97,520.4,350.68,0.98,0.59,144325.29,426.97,1.82,1.83,-0.58,0.72,-0.3,-1.04,1.64,0.74,BOMBAY
131248.45,1373.64,525.06,324.86,1.74,-1.25,132830.71,408.73,-0.01,1.15,2.07,0.31,0.03,0.17,0.58,1.76,BOMBAY
138244.7,1395.17,511.53,344.97,3.47,1.14,139250.94,419.1,-0.2,1.86,0.95,1.45,0.01,1.69,2.77,2.3,BOMBAY
126503.68,1328.31,476.3,339.72,1.48,1.67,128219.04,401.26,1.07,-0.57,0.54,1.44,1.15,-0.05,1.4,2.05,BOMBAY
141518.84,1442.89,522.67,347.07,1.01,1.27,143783.68,424.53,0.48,1.86,1.03,0.69,0.47,0.53,1.82,0.57,BOMBAY
142237.55,1425.21,516.47,351.57,3.53,1.23,143764.18,426.21,0.55,-0.53,0.22,1.1,-0.32,-0.24,1.29,1.29,BOMBAY
141850.58,1432.23,524.68,345.92,-0.02,0.65,143680.66,425.55,0.62,2.85,-0.18,1.61,-1.06,1.46,0.62,0.84,BOMBAY
131248.41,1374.54,519.44,323.25,2.39,0.91,132829.17,409.03,1.0,-0.08,2.45,-0.79,-0.92,0.74,0.33,0.04,BOMBAY
138059.62,1460.17,540.85,334.09,1.72,1.01,143273.78,419.4,0.21,1.25,0.72,0.46,0.25,0.0,-2.72,1.53,BOMBAY
139840.06,1430.31,523.16,341.39,3.09,1.18,141670.21,420.2,-0.06,2.2,-0.05,2.25,-0.7,1.25,0.65,1.54,BOMBAY
114001.35,1280.78,451.42,325.54,-0.23,1.73,115296.9,382.03,0.68,0.45,1.0,1.08,1.36,0.35,-0.91,2.27,BOMBAY
140965.7,1425.67,536.88,334.86,2.9,0.8,142172.12,422.91,0.35,1.32,0.83,1.24,-1.27,-1.11,-1.07,-0.28,BOMBAY
141850.65,1431.87,526.26,346.11,1.51,-1.71,143680.36,423.98,1.24,1.11,2.31,0.59,-1.9,-0.0,-0.31,0.71,BOMBAY
138777.39,1401.61,504.54,354.73,1.15,2.93,140144.17,419.02,0.46,-0.78,0.21,1.77,-0.05,-0.92,-0.39,0.65,BOMBAY
138777.65,1401.94,504.08,352.83,1.21,1.96,140143.9,419.9,0.25,0.87,0.96,1.52,0.7,0.02,0.75,3.59,BOMBAY
132398.3,1335.97,486.07,346.0,2.61,0.57,133434.11,410.37,0.36,1.21,1.59,-0.93,-0.69,-0.34,-0.1,0.31,BOMBAY
137357.66,1365.14,509.02,346.19,0.87,0.42,138092.64,418.05,0.77,-0.6,0.16,-0.23,1.35,-0.6,0.72,0.12,BOMBAY
139685.05,1401.17,507.24,350.47,2.35,-1.84,141094.62,422.66,1.98,1.74,1.44,-0.21,0.15,-0.31,0.34,-0.72,BOMBAY
132851.57,1368.79,512.7,332.98,1.68,1.17,134464.94,410.11,-0.07,2.41,2.22,0.42,-0.7,0.75,-1.72,1.48,BOMBAY
139842.02,1430.79,526.63,341.91,2.14,2.75,141669.8,421.37,0.01,1.24,0.34,0.46,1.29,0.49,1.7,2.06,BOMBAY
138777.99,1403.57,502.78,354.69,2.16,0.33,140144.42,420.1,0.33,2.8,-0.99,-0.04,0.16,-0.13,3.18,-1.7,BOMBAY
139522.08,1410.17,502.12,354.46,2.52,1.75,140892.97,420.12,1.36,0.58,3.17,0.53,-1.05,2.3,1.01,0.58,BOMBAY
140865.06,1414.8,500.03,361.49,-1.08,1.54,142673.4,422.48,-0.06,0.96,1.71,2.15,-0.8,-0.44,-0.32,3.24,BOMBAY
144077.85,1463.73,534.04,344.75,1.58,-0.23,146415.94,427.8,0.16,-0.54,1.51,0.6,0.08,0.87,0.68,1.5,BOMBAY
137748.47,1389.93,501.26,351.63,2.13,-0.79,138868.73,421.04,0.61,0.12,1.46,1.12,0.73,-1.22,1.01,1.87,BOMBAY
140866.81,1414.1,501.18,359.45,1.23,0.6,142671.91,423.19,0.58,1.94,-0.1,-1.87,0.28,0.49,0.47,0.22,BOMBAY
117034.0,1267.94,426.35,352.06,1.66,1.52,118019.98,387.38,-0.3,-0.25,1.03,0.15,-0.61,0.91,1.67,1.38,BOMBAY
132888.79,1374.74,498.01,337.94,2.31,1.25,134326.19,410.67,1.38,1.61,1.92,1.2,0.38,-0.88,0.41,0.29,BOMBAY
137357.17,1365.05,508.16,345.94,1.49,1.63,138092.32,419.83,1.41,1.11,1.13,0.18,0.68,-1.47,0.2,0.72,BOMBAY
138243.64,1395.91,510.96,346.1,1.98,-0.17,139248.0,418.66,-0.0,0.7,3.08,-0.04,0.24,1.01,1.9,1.58,BOMBAY
126502.75,1327.15,476.0,338.87,-0.12,-0.76,128219.88,401.17,3.6,1.43,1.92,0.54,0.45,1.39,0.38,1.97,BOMBAY
131486.77,1366.83,485.34,344.82,0.6,-0.5,132904.55,409.82,-1.48,0.85,0.89,-2.34,0.24,-0.52,1.19,1.81,BOMBAY
139840.5,1430.55,525.04,340.25,2.56,1.45,141673.59,419.01,0.2,0.41,3.63,2.01,0.83,-0.63,0.8,1.5,BOMBAY
134012.84,1386.23,517.26,332.67,3.29,1.45,135499.87,412.96,2.12,0.16,1.61,0.48,1.32,0.92,2.29,1.35,BOMBAY
134250.92,1393.05,522.4,325.06,2.25,0.31,135407.33,412.57,0.85,0.93,2.09,1.22,0.97,-0.53,-1.99,1.46,BOMBAY
137357.78,1365.08,505.76,346.37,2.47,1.38,138093.44,418.44,0.53,1.52,1.92,2.51,0.66,0.22,-1.24,-0.64,BOMBAY
142399.37,1433.11,526.24,347.18,1.35,1.29,143783.53,425.03,0.87,-0.7,-0.01,0.89,-0.68,0.05,-0.51,2.82,BOMBAY
129411.32,1349.94,483.92,339.81,1.52,2.06,130686.76,406.25,1.96,2.5,0.6,1.45,0.06,1.39,-0.91,1.15,BOMBAY
135897.24,1386.95,510.08,341.93,1.08,0.82,137538.7,415.58,2.17,0.17,0.38,1.27,-0.05,0.41,0.98,-0.76,BOMBAY
130069.39,1362.56,486.82,343.46,1.81,-0.39,131861.69,407.02,0.15,2.24,1.93,1.36,-1.22,0.28,-0.3,0.92,BOMBAY
133760.38,1370.53,483.22,355.63,2.0,-0.73,135151.84,413.72,-0.76,0.84,0.76,0.34,1.69,-0.55,0.63,-0.68,BOMBAY
132400.83,1334.11,484.7,347.75,0.15,-0.37,133435.07,410.11,-0.78,2.16,0.57,-0.16,-0.35,0.37,1.14,1.04,BOMBAY
135898.15,1386.14,508.76,342.08,1.0,0.07,137538.68,416.76,0.44,0.04,2.16,0.12,-0.79,0.61,0.79,1.79,BOMBAY
142154.81,1378.44,502.15,360.8,1.92,1.02,143072.74,424.31,-0.26,0.54,0.69,2.38,0.53,0.44,1.12,2.09,BOMBAY
138242.78,1396.21,512.46,346.8,1.11,2.37,139248.25,419.38,-0.8,2.11,1.49,2.07,0.7,-0.33,-0.02,1.53,BOMBAY
144056.1,1462.51,536.62,344.68,0.8,1.46,145734.44,426.06,0.63,0.16,1.52,-0.33,0.3,0.37,1.02,2.94,BOMBAY
133759.87,1368.23,481.63,354.9,2.67,1.51,135151.41,412.76,2.08,1.05,1.0,1.1,-0.46,0.12,1.07,0.59,BOMBAY
138114.68,1369.16,484.59,364.22,0.82,0.85,139489.4,418.77,0.73,0.94,1.85,-0.01,-0.86,-0.5,0.74,-0.38,BOMBAY
138778.16,1403.36,501.43,353.89,0.82,2.17,140142.98,420.48,1.49,1.98,0.08,0.39,0.57,0.49,0.3,-0.21,BOMBAY
140312.71,1430.59,515.89,345.67,-0.57,2.11,141966.71,422.89,0.52,1.21,0.76,0.1,0.12,-1.79,0.48,0.33,BOMBAY
142237.33,1424.23,515.78,350.84,-0.2,0.6,143764.18,427.25,2.62,0.59,2.29,0.74,-0.8,-0.78,0.82,1.06,BOMBAY
138656.75,1414.59,509.14,346.81,0.41,0.27,139827.51,420.2,0.34,-0.93,-0.17,1.63,-0.61,-0.13,0.66,0.53,BOMBAY
141850.05,1432.83,524.02,345.24,2.38,-0.04,143680.18,424.46,2.86,-0.34,1.54,0.57,0.97,-1.18,1.0,1.78,BOMBAY
139683.87,1403.26,508.02,350.24,-0.06,1.9,141092.65,421.24,-0.06,0.95,0.79,0.44,-0.9,-0.65,-0.45,0.08,BOMBAY
135405.09,1381.62,522.62,332.5,3.57,1.27,137618.59,414.23,0.46,1.06,2.65,0.81,0.1,1.24,1.0,-0.86,BOMBAY
141953.58,1401.42,525.65,345.5,1.0,-1.17,143705.74,425.61,0.08,1.38,0.19,-1.87,1.54,-0.44,1.65,2.68,BOMBAY
131486.51,1367.16,483.77,343.59,1.74,1.61,132905.62,409.18,0.93,-0.52,0.16,1.61,-0.17,1.17,0.21,2.82,BOMBAY
129806.89,1357.5,494.24,337.08,3.1,0.91,131146.52,405.0,1.01,0.43,0.37,0.87,-0.2,-0.39,1.22,2.17,BOMBAY
132890.04,1372.9,500.34,340.77,2.13,-0.61,134325.01,410.13,0.28,0.16,0.15,0.95,1.08,-0.63,-0.22,0.78,BOMBAY
139685.22,1403.83,509.92,352.33,-0.22,0.76,141089.71,421.72,0.64,2.35,0.66,0.33,0.92,0.03,0.86,2.27,BOMBAY
137746.94,1389.56,498.84,352.76,-0.98,-0.41,138868.74,418.23,0.13,1.89,0.53,1.96,0.24,1.13,0.92,0.64,BOMBAY
138243.89,1396.36,511.77,346.11,1.95,1.65,139247.31,420.89,0.7,0.34,0.32,0.42,-0.12,-1.26,1.35,1.5,BOMBAY
126503.02,1326.48,476.39,340.47,1.75,0.81,128220.57,401.78,-0.45,1.58,0.76,1.96,-0.01,0.36,0.26,0.7,BOMBAY
132253.28,1357.79,497.39,340.08,1.21,-1.23,133553.54,408.76,2.44,0.35,1.93,-0.73,-0.79,-0.96,0.69,0.45,BOMBAY
142155.27,1379.36,500.03,361.95,0.69,0.82,143073.65,424.23,1.35,-0.28,0.23,1.37,0.79,0.76,1.98,1.12,BOMBAY
141385.12,1427.87,525.15,344.19,0.69,0.93,143529.59,422.47,1.11,0.23,0.86,0.77,-0.89,-0.42,2.16,1.56,BOMBAY
129806.95,1355.21,492.74,336.43,0.88,-0.63,131148.78,405.29,1.77,0.43,0.82,1.4,0.49,-0.48,2.2,2.59,BOMBAY
141518.05,1443.13,524.87,345.43,2.42,1.6,143783.15,425.35,0.24,1.01,0.56,0.24,0.17,-0.54,2.19,1.35,BOMBAY
132888.95,1374.23,499.16,340.51,1.99,0.47,134326.37,413.78,0.79,3.19,0.03,0.31,-0.24,0.71,0.89,1.28,BOMBAY
138244.05,1394.83,510.37,346.08,0.5,-0.04,139249.2,418.7,2.07,2.4,2.02,0.87,-0.36,-0.35,2.02,1.26,BOMBAY
135222.37,1371.75,496.95,349.41,1.91,0.55,136191.42,416.44,0.87,0.02,1.97,0.51,0.84,-0.16,1.27,1.34,BOMBAY
135221.21,1370.87,495.37,350.81,2.48,2.38,136190.12,414.88,1.51,2.75,-0.11,1.8,0.22,0.4,1.12,-0.23,BOMBAY
114003.6,1280.35,451.88,323.48,1.43,1.35,115297.56,382.59,0.68,1.45,1.3,1.01,-1.56,-0.39,0.54,1.0,BOMBAY
138975.68,1403.32,509.45,351.07,0.96,-0.29,140911.96,420.35,0.31,-0.32,2.03,2.59,1.76,1.73,1.3,0.43,BOMBAY
134251.75,1392.17,524.42,327.33,1.3,0.84,135408.04,414.18,1.22,2.96,0.25,0.48,-0.51,-0.3,-1.21,-0.28,BOMBAY
141385.95,1429.1,526.25,344.34,1.08,1.25,143531.58,424.05,1.98,4.71,0.58,0.21,0.59,-0.64,1.6,0.68,BOMBAY
142154.62,1378.16,501.44,361.6,0.54,-0.43,143075.19,427.43,-0.13,0.55,1.3,1.89,0.44,-1.21,0.58,1.3,BOMBAY
131249.07,1375.36,522.73,324.61,1.82,2.09,132832.56,408.24,0.84,0.07,-0.26,-1.06,1.03,-1.42,2.07,0.38,BOMBAY
135402.49,1382.75,522.08,331.66,1.22,1.8,137618.28,415.97,-0.33,0.4,3.1,0.65,0.92,-0.03,1.28,0.36,BOMBAY
134250.19,1390.17,523.35,327.47,1.96,0.56,135409.62,414.54,1.53,-0.65,1.03,1.97,0.39,-0.82,-1.34,0.41,BOMBAY
138058.68,1459.37,541.18,333.13,2.16,1.95,143273.57,418.78,-0.26,2.81,3.62,1.34,0.07,-0.07,1.12,1.71,BOMBAY
142398.99,1432.29,524.77,346.09,3.51,1.54,143782.62,425.37,-1.53,-0.69,-0.27,-0.47,-1.28,-0.96,0.4,0.32,BOMBAY
126501.8,1328.53,476.69,338.16,0.44,2.06,128219.9,402.07,1.59,2.72,-0.8,0.48,0.42,-1.42,3.17,0.63,BOMBAY
137749.0,1390.72,500.07,352.4,0.49,0.86,138868.09,417.53,0.09,1.23,0.53,1.06,-0.76,-0.15,1.64,2.09,BOMBAY
137747.09,1389.48,499.13,353.11,2.76,-0.52,138867.49,418.65,1.54,1.28,1.02,0.62,-0.25,-0.08,1.26,0.01,BOMBAY
137358.17,1363.7,507.14,345.44,1.49,0.75,138094.08,416.62,3.28,1.4,0.23,0.07,0.03,0.84,-0.25,1.45,BOMBAY
117033.7,1265.83,427.76,351.11,1.59,-0.65,118019.5,385.72,1.33,2.36,1.83,0.7,0.05,0.35,-0.35,2.68,BOMBAY
128118.85,1362.95,505.04,324.79,1.38,0.72,129274.36,402.8,1.81,2.07,2.19,1.41,1.09,-0.97,-0.02,-0.33,BOMBAY
137116.32,1427.48,518.03,336.96,1.71,-1.91,138969.82,416.0,1.17,0.49,0.03,-0.52,0.69,0.74,1.71,0.82,BOMBAY
137518.1,1416.05,520.6,341.93,2.33,0.8,139153.08,418.95,0.98,3.67,-0.38,1.61,0.38,0.57,1.55,0.34,BOMBAY
142592.88,1408.33,519.87,352.39,1.03,0.77,144325.06,426.53,1.83,1.32,-0.08,0.71,2.58,1.13,0.68,1.13,BOMBAY
117033.37,1267.25,427.87,349.92,0.64,1.09,118018.24,384.97,-0.06,1.11,-0.48,1.15,1.29,0.42,-0.19,0.79,BOMBAY
114003.59,1277.62,450.0,322.8,1.49,-0.26,115298.05,382.52,0.63,1.13,1.59,2.19,2.05,-0.99,1.19,1.69,BOMBAY
138058.2,1461.81,538.01,335.11,1.26,2.18,143274.58,418.92,0.65,1.68,0.87,0.56,-0.32,-0.91,1.72,0.1,BOMBAY
139521.49,1409.42,502.66,354.15,1.97,1.38,140892.3,421.73,-0.19,2.22,1.97,1.31,0.1,-0.12,0.91,-0.4,BOMBAY
130070.44,1361.38,487.73,343.27,1.72,-0.55,131859.42,406.48,1.28,0.7,-0.74,-0.84,0.92,-0.54,-0.83,1.31,BOMBAY
138242.82,1396.01,510.15,346.55,1.9,0.19,139249.66,419.19,2.04,3.12,2.4,0.64,1.79,1.08,-0.44,2.26,BOMBAY
138976.48,1404.95,509.06,350.97,1.91,1.35,140913.8,420.84,1.47,2.18,-0.15,1.14,0.64,0.3,-0.1,-0.47,BOMBAY
137518.47,1416.64,518.7,340.11,0.84,1.43,139152.5,418.69,0.96,1.61,-0.14,1.12,-1.07,-1.28,0.11,1.07,BOMBAY
142398.57,1430.31,522.48,347.54,1.43,1.15,143781.87,425.48,0.32,2.13,-0.45,-0.56,-0.74,0.31,0.41,-0.2,BOMBAY
140963.45,1425.9,539.19,334.91,2.55,0.43,142171.09,422.18,0.69,2.31,2.0,0.25,-2.25,1.38,1.6,1.64,BOMBAY
132850.9,1367.42,510.68,334.1,0.61,1.14,134463.64,409.0,-1.65,2.02,2.76,-0.7,1.15,1.82,0.24,0.32,BOMBAY
138265.68,1396.41,513.94,344.72,2.05,1.9,139738.69,420.71,1.21,0.24,0.46,2.29,1.28,1.35,-0.33,1.62,BOMBAY
137115.19,1429.06,519.19,336.93,0.9,-0.71,138971.56,417.75,0.94,2.41,2.89,-1.31,0.09,-1.2,0.59,2.48,BOMBAY
139639.69,1380.42,473.3,376.27,3.98,1.95,140542.57,419.62,1.71,1.77,0.01,0.48,1.69,1.07,0.95,0.13,BOMBAY
138776.03,1402.81,502.65,355.52,0.46,1.54,140143.31,418.43,2.41,0.4,-0.95,-0.38,1.35,-0.52,0.84,1.44,BOMBAY
134250.1,1392.2,522.87,328.4,1.51,2.15,135410.08,412.26,-0.62,1.74,-0.02,-0.79,0.28,0.74,1.09,0.99,BOMBAY
129409.42,1349.14,484.41,341.38,0.72,1.99,130687.0,405.5,0.33,0.89,1.33,0.23,-0.72,0.27,0.81,1.95,BOMBAY
141954.69,1401.23,523.9,346.38,1.24,-1.04,143706.07,423.34,2.62,0.18,-0.14,2.06,0.04,0.27,-0.7,0.31,BOMBAY
142239.41,1425.2,517.35,353.31,1.74,0.77,143764.42,423.03,2.02,2.09,0.76,1.3,0.33,-1.19,0.73,4.13,BOMBAY
132252.09,1359.54,496.83,339.3,1.83,-0.68,133554.12,408.77,0.34,1.88,0.82,0.97,0.1,-0.68,1.42,-1.17,BOMBAY
138243.73,1395.02,512.23,345.95,1.13,1.12,139249.47,420.77,0.04,1.59,-0.17,0.85,-0.46,-0.21,1.27,-0.28,BOMBAY
141518.06,1443.25,524.21,345.48,2.0,-0.4,143784.25,423.83,0.88,3.02,0.5,0.03,-1.91,0.45,-0.99,-0.88,BOMBAY
140962.75,1426.27,537.79,335.3,2.73,1.07,142173.58,424.09,1.79,0.52,1.72,-0.27,-0.96,0.64,-0.43,1.9,BOMBAY
141850.0,1431.11,524.99,345.98,2.39,0.92,143679.68,423.5,1.96,1.46,-0.39,1.31,0.37,0.66,-0.26,-1.06,BOMBAY
144079.09,1462.08,534.85,347.18,2.69,0.19,146414.9,429.04,0.24,0.98,2.23,-1.69,2.59,-1.03,-0.1,1.28,BOMBAY
138778.35,1402.79,501.1,354.81,0.6,1.82,140144.2,419.9,0.31,2.62,1.48,0.45,1.06,1.79,-0.66,0.69,BOMBAY
128119.35,1359.13,504.76,326.46,1.14,-0.22,129273.2,406.28,0.79,1.7,-1.33,0.25,1.41,0.57,0.24,1.76,BOMBAY
126504.41,1326.97,476.93,339.66,0.85,2.13,128219.02,401.09,-0.38,2.16,-1.13,1.46,-0.62,-0.43,0.45,1.95,BOMBAY
114004.9,1280.49,450.7,324.11,1.19,-0.08,115295.71,380.66,1.4,0.83,-0.34,1.15,-0.22,1.3,2.05,0.77,BOMBAY
129806.24,1356.91,492.55,338.23,0.75,1.28,131146.77,406.94,2.48,2.33,-0.73,0.9,-0.65,0.96,0.52,0.72,BOMBAY
132850.73,1370.18,511.11,333.05,1.13,1.46,134465.32,411.04,0.02,1.07,0.97,-0.17,1.67,-0.81,1.3,2.59,BOMBAY
142399.14,1429.56,524.96,347.0,-0.09,0.0,143783.54,426.85,0.73,1.4,-0.23,1.51,0.5,1.1,0.61,1.94,BOMBAY
143605.54,1404.43,515.5,355.47,-0.18,0.23,145399.73,426.79,1.1,0.35,0.94,1.11,0.28,-0.42,-0.54,0.52,BOMBAY
129409.86,1348.69,483.98,341.36,1.43,-0.67,130689.38,404.66,0.59,2.38,1.16,2.69,1.36,-2.07,0.97,-0.33,BOMBAY
114005.23,1278.46,451.2,323.36,0.95,0.85,115298.21,378.98,-0.31,-0.16,1.48,-0.05,-0.44,-0.96,-0.7,0.31,BOMBAY
135898.76,1387.07,508.78,341.72,-0.22,-0.28,137539.74,414.66,0.89,-0.31,0.78,0.67,0.81,-1.05,1.01,2.64,BOMBAY
138060.82,1459.87,541.78,334.95,2.75,0.45,143273.93,420.32,1.61,1.39,2.1,0.78,-0.68,0.62,0.99,0.03,BOMBAY
131485.99,1368.56,486.48,345.5,-0.36,1.38,132906.61,410.05,0.21,2.4,-0.32,1.6,0.3,-0.6,0.76,1.56,BOMBAY
137888.48,1409.1,522.25,337.79,1.81,0.72,139206.8,418.04,2.04,1.49,1.83,0.15,-0.59,-0.9,2.18,0.95,BOMBAY
144058.15,1462.95,534.93,344.86,0.89,0.1,145734.5,428.29,0.15,1.69,-0.85,0.42,-0.28,-0.46,1.95,1.85,BOMBAY
141518.21,1443.59,524.09,345.05,0.12,0.87,143782.04,424.66,-0.81,-0.39,0.37,0.88,0.18,1.34,1.39,2.17,BOMBAY
132850.89,1368.84,512.51,333.7,2.01,3.29,134467.23,412.2,0.4,1.8,3.01,0.94,0.99,0.59,2.24,2.34,BOMBAY
137888.74,1409.52,523.37,337.56,0.79,1.7,139207.54,415.74,3.16,0.1,2.69,0.24,-0.64,0.28,1.24,0.6,BOMBAY
135403.87,1381.66,524.16,332.67,2.27,0.28,137619.97,414.4,1.44,0.39,0.05,0.42,0.88,1.9,0.21,0.76,BOMBAY
141519.92,1443.93,522.9,347.05,2.21,1.46,143782.9,426.81,0.45,1.57,0.65,0.64,0.61,0.24,0.71,1.24,BOMBAY
138660.07,1416.04,510.14,349.71,0.21,-1.41,139826.02,420.26,0.74,2.49,1.24,0.66,0.11,-0.45,2.98,1.77,BOMBAY
140313.65,1433.35,517.66,346.44,0.65,2.75,141965.59,422.98,1.66,0.09,2.04,1.94,0.74,0.95,1.3,0.17,BOMBAY
137749.97,1387.76,499.71,353.15,1.66,0.5,138869.32,418.92,0.39,1.11,0.75,0.06,-0.74,-1.53,1.96,1.38,BOMBAY
132254.6,1357.24,498.43,339.12,-0.83,-0.33,133553.33,408.51,0.63,-0.11,1.28,0.61,-0.96,0.2,1.32,1.15,BOMBAY
138977.92,1404.31,508.47,351.4,1.56,-0.37,140911.6,419.65,0.8,0.5,1.56,0.27,-0.81,0.67,0.92,-0.1,BOMBAY
117035.67,1265.36,426.35,349.88,0.76,1.27,118018.9,384.42,-0.38,0.22,0.88,0.83,0.17,-0.58,2.12,0.94,BOMBAY
137748.69,1388.67,499.83,355.34,1.41,2.4,138868.46,417.95,2.34,0.77,0.85,3.02,1.78,-0.3,0.38,1.28,BOMBAY
139639.02,1378.35,473.73,377.61,1.16,0.74,140540.84,420.39,0.94,1.23,0.81,-0.53,0.07,1.12,0.9,0.27,BOMBAY
139522.82,1409.88,500.38,353.38,2.05,1.51,140892.19,420.83,-0.09,1.59,0.2,1.36,-0.29,0.77,0.98,0.06,BOMBAY
139684.47,1402.8,508.04,351.08,2.23,0.83,141092.2,421.47,0.8,2.1,3.19,-0.12,-0.77,1.3,1.88,2.31,BOMBAY
135220.87,1373.72,494.93,350.8,1.1,2.34,136192.35,415.37,1.02,-0.06,-1.98,1.15,-0.02,-0.93,0.94,2.14,BOMBAY
128118.2,1360.86,506.08,324.94,0.4,1.28,129273.9,402.07,2.25,-0.06,0.86,1.27,-0.05,-0.01,0.33,0.7,BOMBAY
134010.56,1385.78,518.21,331.77,2.42,0.15,135500.42,413.72,0.92,1.85,1.33,-0.48,-0.63,-0.6,1.71,2.08,BOMBAY
142399.66,1429.96,523.86,347.06,0.69,0.92,143782.01,428.21,2.2,0.7,0.11,3.82,-1.08,2.14,0.71,0.75,BOMBAY
142237.9,1424.84,518.07,349.46,1.05,0.59,143762.65,426.57,0.38,0.8,3.14,0.78,-1.17,-0.53,0.91,2.27,BOMBAY
133758.58,1370.93,481.71,353.3,2.79,-0.43,135151.7,410.99,-0.72,1.96,1.47,2.59,0.32,0.27,1.34,0.36,BOMBAY
138658.63,1416.8,510.18,348.63,0.86,-0.85,139826.52,420.85,1.24,-0.28,1.46,0.87,-2.53,-2.43,0.48,0.51,BOMBAY
128120.5,1359.44,505.42,325.28,2.3,0.42,129272.59,404.2,-0.39,0.82,1.91,0.1,0.03,-0.13,2.07,0.99,BOMBAY
137518.04,1416.39,517.87,340.56,1.89,1.35,139152.11,419.95,0.39,2.35,2.05,1.82,-1.91,-1.49,-0.05,0.41,BOMBAY
134251.23,1391.17,522.23,325.83,1.3,0.52,135408.49,414.69,0.25,1.97,-0.17,0.71,1.74,1.09,0.94,-0.15,BOMBAY
134251.84,1389.86,523.93,328.58,2.7,-0.08,135408.77,414.0,1.71,-0.02,-0.38,-0.3,-0.43,0.35,-2.08,1.3,BOMBAY
137748.36,1388.47,499.41,351.56,1.27,-0.14,138868.97,417.83,0.86,1.55,1.71,1.7,-0.6,-0.26,1.0,0.63,BOMBAY
137891.14,1410.38,521.42,339.32,1.48,0.5,139207.74,420.59,2.02,-0.19,1.01,0.72,-0.48,2.29,-0.09,1.51,BOMBAY
143604.83,1406.65,515.87,355.78,0.67,0.16,145400.71,426.96,0.53,1.26,0.91,0.31,0.91,0.04,1.78,1.11,BOMBAY
141850.4,1433.62,523.54,347.93,2.22,2.65,143680.66,423.48,2.4,1.14,-1.18,-0.58,1.18,-0.58,2.26,0.93,BOMBAY
132397.84,1335.68,486.63,345.58,1.0,1.81,133434.48,410.37,0.82,-0.22,0.21,0.19,1.06,-0.44,0.13,1.11,BOMBAY
137749.41,1388.06,500.06,353.45,2.7,1.94,138867.05,417.36,0.03,1.77,-0.73,0.92,-0.98,-0.31,1.36,1.91,BOMBAY
138115.27,1368.77,482.86,363.3,1.52,1.05,139490.21,420.28,1.89,0.23,1.25,1.3,-0.55,-0.92,0.16,1.05,BOMBAY
137076.24,1434.4,527.69,333.98,1.96,0.8,139519.33,416.79,1.79,0.5,0.04,0.05,0.93,-0.15,1.3,0.52,BOMBAY
126501.43,1327.37,476.85,340.84,3.1,-0.53,128221.02,401.05,1.42,1.88,0.84,0.37,1.35,0.73,0.53,2.36,BOMBAY
142153.68,1378.5,501.24,361.6,0.72,0.97,143073.8,423.69,0.49,1.17,1.48,1.65,-0.97,-0.25,-0.09,0.12,BOMBAY
141383.91,1429.92,525.77,343.47,2.4,2.23,143530.36,422.76,1.54,1.56,-0.16,1.17,-0.18,-0.4,0.63,1.52,BOMBAY
132398.14,1337.56,488.2,346.44,1.55,1.0,133433.3,409.58,-0.15,2.07,2.24,0.99,-0.21,1.82,0.87,0.19,BOMBAY
137074.13,1431.4,528.25,333.67,1.84,1.61,139517.62,418.69,0.97,2.16,-1.67,2.89,0.12,-0.11,1.27,0.62,BOMBAY
143601.72,1405.27,516.08,354.74,-0.07,-0.73,145398.56,428.61,0.48,1.29,1.41,1.6,1.36,-1.68,0.26,0.02,BOMBAY
144058.07,1464.19,536.06,343.56,0.59,0.71,145733.9,428.59,0.13,2.39,1.75,-0.09,0.24,2.41,1.32,2.96,BOMBAY
135223.36,1370.93,494.16,350.05,0.87,2.32,136190.81,415.99,-0.22,1.01,1.34,0.97,1.29,0.64,-0.54,3.57,BOMBAY
137356.72,1366.46,506.77,345.34,1.96,1.78,138092.74,418.65,-0.97,1.35,-0.26,0.16,-0.5,-0.61,1.59,1.89,BOMBAY
138975.45,1403.07,509.26,352.67,0.6,1.0,140910.37,422.35,0.85,1.77,1.21,3.01,-0.71,-0.46,3.82,1.97,BOMBAY
139685.29,1401.98,507.54,350.31,0.95,1.02,141091.1,422.37,0.86,0.43,-0.85,2.42,0.47,-0.47,0.25,-0.46,BOMBAY
139688.03,1401.8,509.8,349.91,1.6,1.11,141092.02,423.21,-0.54,0.71,1.87,3.12,-0.83,-1.78,0.5,2.05,BOMBAY
140963.88,1426.55,540.53,334.74,0.12,0.03,142173.91,423.99,1.38,1.69,0.37,2.45,0.86,-0.76,-0.27,-0.87,BOMBAY
141849.11,1431.96,524.36,346.76,0.7,2.14,143680.11,424.98,1.07,1.22,-0.09,-0.47,0.15,-0.57,2.03,2.34,BOMBAY
117033.41,1265.41,427.62,350.63,0.6,-0.5,118019.97,386.82,0.83,1.18,1.47,0.49,0.38,-0.08,0.89,-0.56,BOMBAY
142397.82,1431.89,525.35,346.63,1.15,1.15,143782.14,424.22,-1.1,1.45,1.59,-0.22,-0.19,-0.05,-1.1,1.92,BOMBAY
137748.17,1388.42,499.3,352.58,-0.27,0.47,138870.15,418.32,1.4,3.58,0.33,1.21,-0.45,0.33,-0.02,2.23,BOMBAY
135401.48,1380.05,522.46,332.67,2.69,1.79,137618.03,416.88,0.87,0.14,1.13,1.41,-2.13,-0.18,-0.02,2.85,BOMBAY
138266.8,1396.13,513.33,345.25,0.96,1.48,139737.94,417.91,0.68,0.95,2.14,0.63,-0.61,-1.38,0.78,0.54,BOMBAY
139842.13,1429.22,525.04,340.76,2.14,0.48,141670.6,422.14,0.34,0.33,0.17,0.83,1.2,0.99,1.67,-0.4,BOMBAY
138974.75,1404.45,508.86,351.92,2.23,0.43,140912.08,420.8,1.28,0.27,1.97,0.96,0.09,0.17,0.33,1.63,BOMBAY
140313.67,1431.88,516.65,346.62,0.76,-0.11,141965.56,421.13,1.61,0.16,2.37,2.22,2.3,0.15,1.2,3.0,BOMBAY
141849.02,1431.65,524.77,347.93,2.1,-0.82,143678.89,423.54,-0.29,0.44,-1.74,-0.75,-0.73,-0.35,0.08,1.61,BOMBAY
139684.92,1401.66,508.86,349.83,-1.28,-1.49,141091.91,420.88,-0.23,3.51,0.74,1.91,2.17,-0.66,-0.52,0.6,BOMBAY
132252.15,1358.43,496.63,338.55,1.06,1.88,133554.65,409.85,2.7,1.13,0.28,0.71,1.23,1.2,1.55,-0.5,BOMBAY
137889.94,1411.13,522.92,338.46,1.28,0.24,139205.77,419.39,1.24,-0.15,1.01,-0.16,-0.63,-0.35,1.64,1.57,BOMBAY
135222.95,1371.29,494.4,348.78,2.7,-0.7,136190.98,414.32,1.09,1.56,1.59,-0.18,-0.34,1.53,0.25,2.49,BOMBAY
141850.68,1434.71,524.19,347.61,0.16,0.85,143678.69,424.21,-0.45,1.39,0.02,0.35,0.6,1.02,0.45,0.75,BOMBAY
132253.95,1359.19,496.63,340.14,0.21,0.27,133552.67,411.67,-0.73,1.02,1.29,-0.85,-0.79,1.13,1.23,2.1,BOMBAY
138777.34,1401.89,502.28,354.52,3.33,0.21,140143.41,420.63,0.27,1.86,-1.58,-0.31,1.17,-0.2,1.44,1.83,BOMBAY
138657.26,1414.1,510.87,348.31,2.81,2.41,139824.99,419.74,0.99,1.78,1.36,1.1,0.98,-0.04,0.62,0.57,BOMBAY
137074.91,1431.74,526.1,335.58,0.99,0.46,139516.41,416.9,0.81,0.98,2.53,0.12,-0.84,0.51,0.43,1.87,BOMBAY
141520.1,1444.47,521.95,346.84,2.7,1.52,143782.6,424.2,-0.76,0.83,1.9,1.0,-0.12,0.88,1.11,2.17,BOMBAY
128119.43,1361.72,502.58,326.51,0.82,2.98,129272.92,403.95,0.33,-1.02,-0.14,1.4,0.04,0.45,-0.36,0.76,BOMBAY
137114.08,1427.76,518.23,337.38,0.67,-0.17,138969.57,417.0,0.98,0.47,3.82,-0.57,0.22,-0.02,-0.55,0.31,BOMBAY
114005.38,1278.39,450.68,321.74,0.15,0.42,115297.35,380.39,-0.24,0.53,1.29,0.8,0.89,-0.13,-0.54,2.47,BOMBAY
142155.39,1376.64,500.69,362.59,0.75,1.37,143074.69,426.81,0.67,-0.65,0.48,-0.72,1.04,0.72,0.28,0.88,BOMBAY
129807.19,1356.15,492.31,336.13,1.95,0.25,131148.5,406.45,0.02,0.98,0.38,2.78,0.47,-0.68,0.65,0.65,BOMBAY
141520.82,1441.85,523.16,347.13,0.44,-0.44,143783.59,424.94,-1.2,0.21,1.34,1.37,0.91,-0.96,-0.06,0.03,BOMBAY
142591.94,1408.98,519.3,351.49,0.9,0.39,144324.65,426.41,0.5,2.93,1.26,0.58,0.31,1.28,1.96,2.12,BOMBAY
140313.49,1434.39,517.41,345.92,0.8,1.81,141966.24,422.13,2.17,1.67,0.18,1.71,-1.08,0.58,0.78,2.24,BOMBAY
132254.33,1356.89,495.8,339.26,0.16,-0.12,133553.77,409.36,1.34,0.82,1.62,-0.34,-1.31,-0.45,2.87,2.46,BOMBAY
139638.8,1377.13,474.45,375.54,2.17,1.49,140542.3,421.06,1.0,2.82,0.31,0.91,2.41,-1.64,0.84,0.45,BOMBAY
143605.02,1405.19,517.67,356.46,0.94,-0.29,145398.7,427.75,-0.9,1.57,1.86,0.77,-1.3,1.35,0.4,1.8,BOMBAY
128118.58,1360.24,502.38,325.7,2.11,0.56,129272.69,402.53,-0.27,1.14,0.13,1.54,1.13,-0.5,0.74,2.56,BOMBAY
142591.21,1408.86,521.37,350.76,-0.03,2.88,144325.85,427.85,-0.11,1.56,0.39,2.6,-0.71,0.49,1.53,1.59,BOMBAY
134012.01,1386.0,516.82,332.66,0.72,-0.83,135499.43,412.99,0.08,0.04,0.09,0.5,-0.02,-0.82,-1.25,2.16,BOMBAY
135402.02,1380.97,525.49,332.0,1.52,0.74,137618.07,414.93,1.73,1.91,1.5,1.08,-0.06,0.53,-0.25,0.91,BOMBAY
126501.76,1327.16,476.18,340.67,1.13,1.92,128218.84,400.45,2.5,0.11,0.96,1.28,-0.38,-0.93,0.25,1.4,BOMBAY
130071.73,1362.86,487.79,342.43,1.4,2.74,131858.46,406.72,-0.45,1.6,1.75,1.59,-2.11,0.58,0.42,0.89,BOMBAY
114002.72,1279.89,451.92,324.0,1.62,1.25,115298.78,381.0,1.5,0.6,0.51,2.05,0.96,0.07,1.28,1.96,BOMBAY
134013.61,1385.51,517.61,329.86,0.78,1.47,135498.95,412.16,1.43,0.92,1.7,1.16,2.19,1.8,2.97,-0.33,BOMBAY
140867.43,1415.44,501.24,361.28,1.78,-1.66,142672.15,421.98,0.8,0.11,0.57,1.18,1.78,-0.94,0.67,-0.09,BOMBAY
140963.72,1425.06,538.16,335.79,2.8,-0.34,142172.05,422.55,1.71,1.76,0.14,-0.23,1.34,-0.41,0.48,-0.74,BOMBAY
138263.35,1395.08,512.65,343.8,0.83,0.6,139738.79,419.19,1.37,-1.51,-0.33,-0.29,-0.96,-0.52,1.5,1.78,BOMBAY
138264.15,1396.39,512.42,346.82,0.96,0.85,139739.34,418.72,0.42,1.39,1.01,1.77,0.05,0.07,-0.93,2.01,BOMBAY
138113.23,1369.1,482.53,364.17,3.02,0.74,139491.92,417.67,0.61,0.36,0.74,1.33,-1.69,0.47,0.3,3.21,BOMBAY
130069.46,1360.98,487.83,341.53,1.15,-0.77,131860.12,407.03,-0.08,1.41,2.97,-0.94,-0.76,0.15,1.13,1.36,BOMBAY
137889.25,1410.78,521.29,337.71,0.61,2.03,139206.29,418.73,-0.56,1.82,1.17,0.97,-0.47,-2.4,0.64,-0.07,BOMBAY
138113.14,1370.01,483.66,364.92,0.59,1.53,139490.29,418.89,0.43,0.74,1.93,1.04,0.38,1.26,0.39,1.63,BOMBAY
141849.45,1431.73,526.45,347.33,1.58,0.85,143679.69,423.58,0.25,1.03,1.97,0.85,0.32,-0.72,1.55,1.38,BOMBAY
140963.4,1425.2,538.6,334.63,1.1,-1.04,142172.98,422.92,1.09,1.37,0.96,-1.03,0.36,-1.15,0.05,0.54,BOMBAY
142153.18,1380.18,502.02,363.45,2.21,0.89,143074.26,424.37,-2.39,1.05,1.5,-0.92,-1.16,0.34,1.41,0.13,BOMBAY
128117.2,1359.49,503.19,326.73,2.38,2.71,129274.62,406.44,0.82,2.4,-0.29,0.18,0.66,-1.8,-0.81,1.12,BOMBAY
137115.5,1427.54,519.36,336.6,1.35,-0.16,138971.68,418.5,0.43,-0.51,-0.52,2.55,-1.88,-0.25,1.18,0.13,BOMBAY
129808.65,1356.89,493.32,337.12,2.31,-0.01,131147.46,409.16,0.18,1.74,0.64,0.57,0.24,-0.22,0.2,2.03,BOMBAY
134011.97,1384.22,518.19,330.25,2.51,0.55,135499.38,412.81,-1.15,2.03,-0.0,-0.31,-1.08,-0.11,0.55,2.79,BOMBAY
141518.15,1443.72,522.38,345.92,1.19,-0.05,143783.15,424.95,3.69,0.67,0.61,0.04,1.73,1.79,1.66,0.15,BOMBAY
143603.99,1406.83,516.05,357.2,2.46,2.1,145397.4,427.3,1.47,0.56,1.27,0.6,1.32,-1.52,1.41,1.37,BOMBAY
131488.2,1369.09,487.25,346.77,1.32,2.44,132905.41,410.28,0.05,0.01,0.24,1.59,-0.49,1.6,0.76,1.0,BOMBAY
130068.92,1363.66,487.55,343.14,1.73,-0.38,131862.91,404.69,-0.06,0.85,2.68,-0.78,-1.13,-1.31,-0.52,2.48,BOMBAY
137072.65,1432.16,526.46,334.82,1.17,-0.14,139518.46,417.29,1.52,0.92,0.88,1.08,0.39,1.15,1.65,1.5,BOMBAY
131488.25,1370.09,486.53,344.3,2.66,1.84,132906.97,410.39,1.01,-0.59,0.29,1.91,0.08,1.6,0.21,-0.33,BOMBAY
138661.07,1414.34,510.44,347.29,2.56,2.25,139825.08,421.65,-0.17,1.89,-0.11,0.53,0.21,-0.55,1.87,-0.34,BOMBAY
133759.34,1369.8,480.44,353.82,1.77,0.12,135150.31,412.58,0.25,0.23,0.98,0.52,1.27,-1.17,1.1,0.82,BOMBAY
128117.99,1360.84,502.03,325.23,1.54,0.4,129273.35,403.49,2.88,2.08,0.82,2.36,0.43,1.24,0.29,-0.26,BOMBAY
135897.98,1385.74,507.92,340.77,1.64,-0.97,137538.67,415.2,1.37,1.24,0.44,1.0,-0.44,1.03,0.83,2.07,BOMBAY
135221.44,1369.89,496.47,349.34,2.8,0.57,136191.59,414.08,1.28,-0.21,2.58,0.9,-0.62,-1.56,1.58,0.88,BOMBAY
142238.18,1425.3,517.76,349.71,0.96,0.14,143764.49,426.15,1.79,0.75,1.82,0.39,0.88,0.87,-0.43,1.28,BOMBAY
135222.0,1370.76,496.58,347.34,0.56,0.39,136193.28,416.36,-1.16,2.12,0.72,0.85,0.79,1.75,0.1,3.29,BOMBAY
137114.38,1425.56,518.99,337.21,1.35,1.69,138968.21,415.8,1.8,1.2,-0.7,0.75,-1.29,1.53,1.53,2.78,BOMBAY
142399.98,1427.76,525.08,347.41,1.07,1.9,143782.92,425.01,-0.82,0.55,2.07,1.99,0.81,0.07,0.1,2.73,BOMBAY
137518.66,1418.54,519.44,339.7,2.39,1.19,139153.88,418.03,0.32,1.67,0.45,1.87,-1.17,-1.31,0.36,0.3,BOMBAY
117034.35,1266.38,425.34,351.09,0.87,2.56,118018.95,386.5,0.94,1.3,0.24,0.67,1.55,-0.34,0.9,-0.33,BOMBAY
141953.8,1403.09,525.28,346.72,0.57,0.94,143704.35,424.71,2.79,-0.49,0.12,-1.26,-0.91,0.84,1.46,0.42,BOMBAY
144079.38,1463.11,535.05,347.79,1.4,0.2,146415.85,427.74,-0.24,1.4,1.36,-0.51,-2.08,-0.31,-1.57,1.1,BOMBAY
135402.37,1381.81,520.84,331.81,2.06,0.36,137618.25,415.76,2.68,2.14,-0.11,0.85,-0.72,0.28,2.27,0.35,BOMBAY
138114.64,1369.24,482.85,363.63,2.44,-1.13,139490.06,418.07,0.42,-0.4,1.31,1.42,-0.06,-0.24,1.09,3.25,BOMBAY
134013.15,1384.52,517.05,329.99,-0.35,1.0,135499.94,414.07,0.44,-0.09,0.12,2.35,-1.01,0.65,-0.28,0.41,BOMBAY
131487.38,1367.89,485.61,345.67,1.38,1.46,132906.1,410.44,0.82,-0.93,2.1,1.12,0.5,-0.14,-0.49,2.84,BOMBAY
126503.59,1327.27,477.54,340.89,1.07,2.11,128221.21,400.29,1.77,0.39,0.75,1.27,-0.54,-0.1,2.63,-0.62,BOMBAY
139522.84,1409.88,502.65,354.66,1.3,0.91,140892.64,420.85,0.28,1.02,0.29,0.59,1.05,0.17,2.63,0.49,BOMBAY
139840.98,1431.68,524.07,341.44,2.57,1.77,141672.85,420.43,0.84,0.87,2.26,-0.98,1.4,0.37,0.71,0.35,BOMBAY
131251.04,1373.87,520.59,323.14,1.81,0.17,132831.21,411.18,1.07,1.07,0.21,2.16,1.86,0.17,0.87,1.59,BOMBAY
138776.69,1402.16,502.14,352.84,2.02,0.13,140144.43,419.83,0.72,-0.2,2.17,-0.74,-1.13,-0.82,1.16,2.8,BOMBAY
142154.21,1379.02,502.2,362.08,1.1,-0.07,143073.95,426.16,0.58,0.17,3.45,0.2,0.2,1.89,0.79,0.29,BOMBAY
142591.34,1410.07,519.73,353.32,1.17,0.03,144323.49,425.09,1.55,0.89,0.32,1.04,-2.57,-0.16,0.13,-0.59,BOMBAY
137074.13,1432.87,526.13,335.61,1.3,2.83,139518.44,418.84,-0.39,2.13,2.44,1.48,-0.28,-0.14,0.81,0.03,BOMBAY
144078.34,1460.76,533.26,345.64,2.78,2.0,146415.42,428.53,1.75,0.77,1.53,0.96,-2.02,-0.52,1.03,0.91,BOMBAY
144078.92,1462.02,535.22,345.41,3.01,0.09,146415.8,428.4,1.3,1.02,-0.33,1.43,0.32,-1.78,0.41,0.26,BOMBAY
138974.96,1404.73,507.71,351.34,0.02,-0.12,140910.21,419.19,1.85,1.62,0.56,2.34,0.42,-1.13,1.52,1.16,BOMBAY
139524.59,1409.36,501.7,353.87,1.28,3.33,140890.43,421.4,1.19,0.79,-1.55,1.21,1.53,-1.52,-0.29,-0.31,BOMBAY
130070.9,1362.42,486.59,341.51,4.03,1.56,131859.64,405.4,2.33,2.08,-0.13,0.01,0.31,1.12,1.69,2.38,BOMBAY
144057.5,1464.25,536.3,343.16,1.2,0.84,145732.74,427.4,0.25,1.34,2.92,1.07,0.41,0.47,0.28,0.38,BOMBAY
133760.84,1369.18,480.8,354.72,1.8,-0.12,135150.87,412.11,2.76,-0.28,0.71,-1.1,1.19,-0.63,2.06,0.45,BOMBAY
135222.28,1371.31,494.33,348.65,0.9,2.03,136193.7,413.61,-0.03,0.3,0.65,2.29,-1.23,1.17,0.23,0.66,BOMBAY
131488.57,1367.25,486.12,347.61,1.07,1.1,132904.15,408.99,0.76,0.09,0.19,1.64,-1.35,0.21,1.17,1.82,BOMBAY
139520.03,1411.55,500.59,353.92,0.81,0.14,140891.65,420.67,1.3,1.28,0.65,1.22,-0.59,0.54,1.97,0.31,BOMBAY
131488.77,1368.47,484.75,345.26,0.52,0.34,132904.44,408.9,0.33,-0.83,1.69,2.0,-1.08,0.32,1.48,-0.11,BOMBAY
141953.58,1401.06,523.49,346.12,1.39,-0.5,143703.68,424.09,-0.18,1.58,1.18,0.43,0.53,0.58,0.48,1.04,BOMBAY
139522.84,1411.47,503.41,354.44,1.3,0.65,140891.85,422.74,0.64,0.92,-0.06,1.69,0.06,-0.47,1.2,-0.07,BOMBAY
135405.21,1381.01,525.33,331.51,0.58,2.74,137619.54,416.52,0.9,1.08,1.15,1.53,1.68,-1.61,0.06,0.72,BOMBAY
140964.56,1426.82,536.81,332.79,-0.97,2.02,142173.86,423.1,0.22,-0.57,3.08,1.2,0.01,2.05,1.79,-0.69,BOMBAY
134250.4,1390.88,524.36,329.48,3.31,2.38,135406.88,413.34,-0.49,-0.82,0.58,3.29,0.36,1.18,0.96,1.07,BOMBAY
129408.68,1348.28,484.55,341.61,3.07,-0.98,130688.35,404.42,1.34,-0.02,1.07,0.43,0.87,1.2,-0.69,0.56,BOMBAY
128118.36,1361.11,503.94,325.51,1.67,2.69,129274.28,405.24,1.77,0.65,0.46,-0.42,0.24,0.3,2.07,0.76,BOMBAY
144078.15,1461.85,534.69,346.48,-0.44,1.69,146413.7,429.76,0.23,1.44,0.52,-0.15,-0.91,-2.7,1.46,2.38,BOMBAY
129406.78,1348.79,485.17,342.25,2.48,1.82,130688.42,405.4,1.54,2.76,-0.44,-0.09,-0.1,0.36,0.41,0.54,BOMBAY
138976.13,1404.73,510.36,351.78,1.67,-0.25,140913.07,421.63,2.3,1.09,-1.55,-0.05,1.68,0.57,0.83,0.59,BOMBAY
135403.39,1382.08,523.23,332.58,3.11,2.09,137618.77,414.08,0.73,2.58,1.28,0.41,-0.35,-0.66,1.61,1.62,BOMBAY
142591.76,1408.91,520.06,352.81,1.99,0.51,144323.72,425.04,1.31,2.33,0.94,0.99,0.07,1.17,0.71,0.37,BOMBAY
142592.1,1409.09,517.69,351.21,2.04,2.45,144324.64,425.51,2.35,1.98,2.93,0.37,0.72,0.83,2.15,0.38,BOMBAY
139837.48,1430.72,525.51,341.18,3.38,0.93,141672.6,421.84,2.08,2.19,1.9,0.32,0.57,-0.95,0.78,1.76,BOMBAY
129408.27,1351.12,484.31,342.62,1.79,0.84,130687.47,405.05,-1.02,-0.96,2.18,3.03,-1.54,0.24,-0.3,0.64,BOMBAY
132252.96,1359.04,498.06,339.22,1.3,0.15,133553.96,411.81,1.81,1.43,-0.83,0.88,-0.9,0.04,-1.0,0.01,BOMBAY
134011.32,1384.08,519.2,331.36,2.23,0.25,135499.58,412.24,1.1,0.46,1.35,1.89,-0.66,-0.41,2.68,2.58,BOMBAY
140963.57,1426.68,538.54,334.75,2.44,0.8,142172.86,425.21,1.27,1.88,0.97,-0.01,-1.03,0.95,0.57,2.03,BOMBAY
137517.21,1417.09,519.58,340.66,2.63,2.35,139153.6,416.67,-0.84,1.39,1.13,0.53,1.07,-0.37,1.16,2.81,BOMBAY
138243.84,1395.5,511.88,347.26,3.03,-0.53,139246.58,420.8,0.63,0.94,2.49,1.17,-0.67,0.34,1.81,1.52,BOMBAY
135221.81,1371.3,495.64,347.81,0.61,-0.09,136193.49,414.87,0.41,0.93,-0.05,1.72,0.73,0.07,0.49,0.73,BOMBAY
129408.99,1350.2,483.45,340.39,1.77,0.35,130687.12,407.5,1.69,0.99,2.22,1.61,-1.5,-0.46,0.4,1.77,BOMBAY
142237.49,1425.81,517.71,351.81,2.05,0.21,143764.53,425.45,0.72,0.19,0.2,2.16,-0.31,0.66,1.78,2.56,BOMBAY
142154.9,1378.86,503.15,359.57,0.17,-0.85,143075.24,425.9,-1.85,1.98,0.42,1.88,-0.29,1.15,0.38,0.62,BOMBAY
132851.24,1371.04,513.34,333.29,1.71,1.05,134464.19,411.02,0.67,0.96,0.97,2.67,0.51,-0.73,-0.37,1.34,BOMBAY
138775.44,1402.61,500.04,355.66,0.03,-0.06,140143.01,419.52,0.61,0.31,0.08,2.49,1.76,-1.55,-1.55,-1.63,BOMBAY
134251.44,1391.22,523.47,327.41,1.81,1.29,135409.99,414.08,-0.43,1.16,0.33,0.67,0.01,-0.16,1.12,0.98,BOMBAY
140868.42,1412.66,501.44,361.82,2.55,0.56,142670.42,423.38,1.37,0.13,1.45,0.1,0.64,0.42,1.35,0.69,BOMBAY
134251.62,1391.07,521.66,328.92,2.12,0.33,135409.52,415.3,1.33,1.89,2.06,0.79,0.49,0.36,0.65,1.4,BOMBAY
133760.51,1368.88,480.83,355.84,1.35,2.9,135150.02,411.9,0.84,2.31,0.48,-0.29,1.13,0.15,1.15,1.18,BOMBAY
142238.18,1424.44,517.94,352.68,2.18,-0.6,143764.23,424.89,-0.58,0.02,1.91,1.34,3.01,-0.21,2.19,0.05,BOMBAY
128120.2,1359.98,503.0,325.75,1.68,1.42,129275.84,405.3,1.88,1.59,0.15,0.6,-1.27,-2.22,0.2,1.25,BOMBAY
143604.21,1406.32,517.16,357.26,1.58,1.53,145399.87,427.71,-0.08,0.85,1.59,0.96,-1.23,-0.95,0.33,0.44,BOMBAY
144079.42,1461.23,534.17,347.02,1.3,0.96,146416.91,428.58,1.36,0.46,1.41,-0.76,1.12,1.04,1.22,1.55,BOMBAY
137357.81,1365.76,507.32,345.32,-0.86,1.39,138094.7,416.97,1.98,0.85,2.01,0.41,-1.63,0.22,0.92,1.04,BOMBAY
139638.19,1378.38,473.62,378.4,1.03,2.39,140542.61,421.64,0.5,2.67,1.76,0.01,0.23,-0.66,1.24,0.68,BOMBAY
140313.23,1432.17,519.1,346.54,2.17,1.3,141966.5,423.73,-0.51,1.13,-0.56,0.74,-0.49,0.05,1.36,1.49,BOMBAY
141385.48,1429.13,524.44,343.68,2.53,1.25,143530.44,424.77,-0.24,1.51,0.95,0.32,-0.01,0.94,1.54,0.93,BOMBAY
131250.01,1376.01,521.55,324.0,1.38,2.08,132830.07,409.42,1.35,1.37,1.05,1.77,-0.31,0.27,-0.24,0.13,BOMBAY
142399.45,1429.83,525.31,347.59,1.83,0.6,143781.84,425.48,-0.29,-0.58,1.27,1.96,0.2,-0.11,1.44,1.08,BOMBAY
128118.14,1362.89,503.55,325.94,0.77,0.51,129273.64,405.52,1.52,2.63,-0.72,1.3,0.1,-0.16,1.72,2.94,BOMBAY
134013.19,1385.53,517.25,332.34,0.98,1.98,135499.08,413.95,1.67,2.56,3.09,-0.15,-0.4,0.41,-0.2,0.77,BOMBAY
141952.8,1400.05,524.34,346.48,2.16,2.41,143704.86,425.23,1.89,0.81,0.07,1.1,0.61,0.09,2.01,1.97,BOMBAY
114004.63,1279.09,450.11,324.37,-0.28,-0.41,115297.52,380.85,2.39,1.88,1.31,1.08,-0.54,1.55,1.34,1.49,BOMBAY
138659.97,1416.52,509.41,347.04,2.01,-0.58,139825.19,420.77,1.97,0.6,1.67,0.42,-1.46,0.97,-1.07,1.04,BOMBAY
132252.92,1356.53,495.9,339.4,2.95,0.9,133551.93,409.47,0.26,2.41,0.87,0.54,-0.93,-2.02,2.28,-0.1,BOMBAY
139842.24,1429.52,524.02,340.51,1.59,0.27,141671.37,420.68,-1.11,0.08,0.36,1.56,1.35,0.93,0.74,1.04,BOMBAY
117034.76,1264.65,426.94,350.35,0.71,-0.09,118019.02,384.49,0.66,0.73,0.82,2.82,0.19,-0.4,-0.18,-0.06,BOMBAY
132888.77,1372.62,497.73,340.98,1.49,0.84,134324.31,410.79,0.62,1.87,0.32,-0.19,-0.65,-2.17,0.29,1.41,BOMBAY
141519.26,1441.99,522.52,347.32,2.18,0.89,143780.6,424.34,2.17,0.41,-0.02,-0.92,0.11,0.56,1.5,1.2,BOMBAY
128116.06,1359.96,505.15,325.44,2.86,1.94,129275.23,404.6,-0.23,1.72,1.1,0.3,-0.47,-0.66,-0.79,-0.07,BOMBAY
137517.82,1418.66,519.39,340.83,0.95,0.94,139152.98,419.36,0.91,1.23,0.15,0.71,0.05,-2.66,1.44,-0.21,BOMBAY
138113.95,1368.0,485.9,363.48,1.23,1.62,139491.85,418.46,3.87,1.69,1.59,0.39,-2.2,-0.72,0.98,0.75,BOMBAY
141385.36,1428.54,527.31,344.13,2.19,1.8,143530.45,424.06,1.04,-0.02,1.4,0.2,-1.69,-0.34,0.26,0.3,BOMBAY
130069.76,1362.61,486.55,343.01,-0.59,-0.13,131858.83,406.51,-0.96,0.45,-1.78,1.8,-0.08,0.64,-0.63,3.29,BOMBAY
139639.36,1380.23,474.08,375.78,1.55,0.47,140541.32,422.69,0.22,0.74,2.49,-1.01,-1.37,-0.15,1.26,1.32,BOMBAY
126502.15,1325.3,475.82,341.41,0.49,0.37,128220.28,401.57,0.5,0.52,-0.07,1.26,1.78,0.63,2.93,0.75,BOMBAY
141518.97,1442.64,522.38,347.19,0.72,1.38,143783.56,424.54,1.86,-1.1,0.68,-0.22,-0.5,-1.96,-1.28,1.32,BOMBAY
137747.75,1390.55,499.92,353.17,0.7,-0.85,138868.68,419.72,0.17,0.8,0.61,-0.39,1.17,-1.77,0.54,2.78,BOMBAY
129806.83,1356.36,492.97,336.97,1.13,1.43,131146.31,407.3,0.97,1.6,0.24,1.1,0.8,0.31,2.01,1.61,BOMBAY
134010.02,1385.72,518.13,331.59,1.03,2.56,135499.23,410.58,0.71,2.07,1.09,0.8,-1.03,-0.2,1.74,-0.29,BOMBAY
138778.61,1401.38,501.76,353.68,1.47,1.65,140144.22,419.89,2.31,2.52,2.77,0.2,0.6,1.75,1.55,0.47,BOMBAY
131249.54,1372.79,522.15,323.77,1.7,0.11,132832.68,407.22,0.62,-1.02,1.27,1.54,1.0,0.9,1.27,1.03,BOMBAY
117034.02,1264.36,427.96,352.21,-0.06,1.19,118018.87,385.83,0.37,1.17,0.52,2.02,-0.41,-0.3,0.18,0.99,BOMBAY
138266.43,1396.77,514.12,344.81,1.42,1.48,139738.48,418.49,1.83,1.01,-0.2,1.54,1.32,0.09,-0.98,1.16,BOMBAY
144057.96,1462.77,536.75,342.49,-0.86,-0.34,145734.52,428.18,-0.07,1.18,0.7,0.63,0.59,-1.39,1.26,-1.31,BOMBAY
141386.41,1428.05,526.15,344.0,1.64,0.97,143530.41,424.08,-0.06,2.11,0.51,-0.64,-1.25,-0.92,0.6,-2.22,BOMBAY
137748.16,1390.67,499.31,353.81,2.86,0.01,138869.16,421.81,0.11,-0.59,1.32,0.8,0.93,0.27,1.8,3.95,BOMBAY
139685.28,1400.22,509.17,351.87,1.54,0.19,141092.11,422.47,-1.36,0.47,-0.23,3.38,1.74,-1.04,2.25,1.83,BOMBAY
137518.13,1417.08,519.66,340.27,0.64,0.69,139153.48,418.98,1.17,0.32,0.24,0.52,-0.68,1.16,0.6,1.69,BOMBAY
141385.22,1428.38,525.26,344.55,2.08,-0.02,143530.85,425.11,0.87,2.78,0.94,1.07,1.47,0.31,1.83,-0.01,BOMBAY
142236.82,1425.31,515.76,350.48,2.23,1.05,143764.36,425.47,-0.11,0.87,-0.44,2.19,-1.23,-0.12,2.5,0.41,BOMBAY
141384.76,1430.15,526.87,344.43,2.05,-0.45,143531.74,424.48,0.58,1.47,1.2,1.56,-0.82,-0.81,0.59,-0.65,BOMBAY
131490.01,1367.93,485.68,346.29,2.04,-0.22,132904.14,409.32,0.58,1.9,-0.06,1.06,-0.34,0.13,0.24,1.19,BOMBAY
141384.5,1430.54,526.89,345.08,1.76,-0.26,143527.4,424.13,0.84,0.2,1.68,0.35,0.93,0.56,1.07,1.23,BOMBAY
126502.16,1327.65,475.52,340.33,1.13,-0.27,128221.06,402.03,2.71,1.18,1.11,0.93,-0.45,-0.48,0.04,1.38,BOMBAY
143602.61,1405.95,514.61,356.67,-0.36,-1.13,145400.3,428.09,1.09,2.11,1.41,0.17,-1.23,-0.01,0.51,0.48,BOMBAY
141384.37,1427.47,527.78,346.21,0.27,2.76,143530.59,422.17,0.47,0.59,-0.76,-0.17,-0.11,0.05,1.46,1.58,BOMBAY
134012.07,1385.05,517.5,331.33,1.62,0.59,135500.17,413.47,-0.32,3.09,1.57,1.64,0.44,-0.98,0.9,3.02,BOMBAY
140965.55,1423.68,538.34,334.36,0.73,-0.5,142173.76,423.9,-1.47,2.25,0.71,1.61,0.19,1.68,-0.05,0.91,BOMBAY
132888.17,1372.82,498.42,339.95,2.12,0.93,134325.62,411.06,0.72,0.41,0.73,0.09,0.87,-0.8,0.11,1.05,BOMBAY
142237.98,1425.5,517.34,352.46,1.05,0.1,143764.78,425.58,1.39,1.59,0.33,0.76,-0.62,0.52,-2.18,1.37,BOMBAY
126504.14,1325.62,475.21,339.0,1.62,0.89,128220.25,400.91,0.85,0.16,2.07,1.83,0.21,2.26,-0.47,0.59,BOMBAY
139839.52,1431.05,524.05,342.27,2.71,0.35,141670.94,419.95,-1.69,-0.25,0.99,1.53,0.76,0.15,-0.29,1.89,BOMBAY
142400.74,1429.57,525.44,345.63,0.81,1.04,143781.41,425.77,1.66,2.28,0.21,1.42,0.15,-0.17,0.54,1.55,BOMBAY
117035.62,1265.93,425.99,351.51,-0.3,0.71,118019.51,385.7,-0.89,1.77,0.99,1.44,-0.02,-0.33,0.9,1.39,BOMBAY
135220.39,1372.57,495.01,347.47,1.93,-0.92,136191.49,414.9,0.27,-1.6,0.17,2.56,1.53,0.67,0.35,2.59,BOMBAY
141518.67,1442.0,523.68,346.74,1.58,1.32,143782.32,426.17,0.64,2.46,-0.09,0.2,-1.1,-0.18,0.71,1.66,BOMBAY
142398.12,1428.52,525.17,346.4,2.67,1.9,143784.0,426.79,0.96,0.27,-1.65,0.02,-0.18,-0.45,0.48,0.09,BOMBAY
117033.02,1266.98,426.72,352.06,0.73,0.56,118018.9,384.7,1.4,1.84,0.48,0.66,-0.07,0.77,0.3,0.89,BOMBAY
144057.22,1462.26,534.99,344.72,2.48,1.5,145733.68,429.06,-0.82,-2.13,1.13,-0.24,0.44,-0.84,0.03,1.86,BOMBAY
135895.79,1385.01,509.76,342.9,1.57,1.3,137539.17,417.39,1.03,1.67,2.7,0.97,-1.22,-1.6,1.75,-0.94,BOMBAY
141383.73,1428.77,526.83,344.04,1.85,0.09,143530.33,424.43,0.21,2.52,1.42,-0.04,-0.01,-0.52,2.89,1.55,BOMBAY
137748.78,1391.14,500.13,355.13,1.11,0.83,138868.6,419.28,1.05,3.15,0.78,0.73,-0.22,1.61,0.86,1.63,BOMBAY
134250.22,1391.67,523.96,327.89,3.13,1.72,135408.94,413.8,0.54,2.93,2.46,0.1,-0.57,0.72,1.21,1.97,BOMBAY
137116.98,1428.51,519.05,335.68,1.77,0.93,138968.99,419.0,0.99,-0.23,1.34,-0.37,-1.09,-0.24,0.71,2.11,BOMBAY
131488.63,1369.08,485.3,345.24,1.0,2.44,132904.28,409.41,0.72,2.53,-0.2,1.05,0.73,-0.88,-0.01,1.04,BOMBAY
138976.12,1403.64,508.21,351.44,2.53,0.8,140912.3,420.41,0.42,0.42,0.43,-0.44,-0.55,0.82,1.46,1.64,BOMBAY
137358.94,1364.98,508.89,344.6,1.59,0.13,138091.86,419.36,0.63,0.95,0.2,2.87,-0.6,-0.21,-0.69,-0.75,BOMBAY
141521.42,1442.93,523.69,346.05,0.02,0.6,143782.56,425.1,2.67,1.02,0.32,1.89,-0.55,-0.23,1.46,0.66,BOMBAY
138114.06,1368.02,483.84,364.7,1.13,-0.3,139490.91,416.95,1.11,0.96,-0.11,1.54,0.18,-0.18,1.21,1.08,BOMBAY
142236.9,1424.33,514.53,351.74,1.06,1.07,143763.4,427.09,0.91,0.03,-0.49,0.35,1.76,-0.14,0.15,3.49,BOMBAY
132890.13,1372.99,499.37,339.72,0.85,1.5,134326.25,411.13,1.73,2.08,1.67,2.26,0.95,0.86,0.07,-0.01,BOMBAY
130069.33,1363.32,488.0,342.75,2.33,1.23,131859.6,405.5,0.31,-0.41,1.06,0.62,0.14,0.76,2.13,0.77,BOMBAY
114002.63,1279.29,452.92,324.35,1.29,1.9,115299.84,382.08,0.85,0.53,-0.19,0.36,-0.67,0.38,0.23,1.64,BOMBAY
140312.51,1431.68,518.77,346.78,2.98,0.46,141965.52,421.66,0.84,0.54,0.45,0.43,0.26,0.03,0.53,-0.37,BOMBAY
137076.88,1432.32,527.5,334.03,1.34,-0.12,139517.98,417.5,0.66,1.89,0.54,-0.91,-0.98,-1.09,-0.79,-0.02,BOMBAY
126504.63,1327.1,476.89,339.1,2.66,2.03,128219.1,400.67,0.65,0.41,-0.01,-0.03,-1.42,0.43,1.57,1.32,BOMBAY
142400.37,1428.57,524.85,347.05,2.8,1.22,143782.08,425.86,1.47,0.5,1.58,0.65,-0.19,-1.14,2.64,0.4,BOMBAY
138244.2,1395.27,511.18,344.68,0.13,0.17,139248.89,421.48,1.04,2.39,0.85,0.39,-0.2,0.05,-0.88,-0.48,BOMBAY
141519.07,1444.63,522.09,346.22,3.89,0.57,143784.91,424.87,1.77,1.52,0.77,1.49,0.33,-0.72,0.54,0.3,BOMBAY
117033.75,1264.72,425.22,352.87,0.78,0.7,118018.59,385.66,1.95,2.12,0.19,1.44,0.78,0.58,3.02,1.15,BOMBAY
135222.82,1370.34,492.51,349.75,1.59,1.32,136191.59,415.09,-0.71,0.24,2.75,1.12,-1.68,-0.73,-0.87,-1.69,BOMBAY
142400.53,1430.01,525.05,348.12,0.81,0.61,143784.19,426.57,0.32,2.39,1.36,0.42,-1.63,-0.01,1.62,0.57,BOMBAY
129807.31,1357.55,493.49,337.2,1.1,2.35,131146.76,405.59,1.82,2.87,1.54,0.85,-0.89,-1.28,0.83,1.93,BOMBAY
138658.98,1416.43,509.35,348.64,0.71,-0.63,139827.17,420.12,1.09,0.96,0.4,0.7,-0.79,0.95,1.54,1.46,BOMBAY
139686.16,1403.84,511.25,350.31,2.16,0.82,141090.8,421.48,2.57,-0.1,0.16,0.15,-2.58,-0.65,1.02,1.59,BOMBAY
117032.95,1267.47,426.2,351.8,-0.52,0.1,118019.33,387.31,0.95,0.41,2.14,1.44,-0.84,-0.75,1.01,1.16,BOMBAY
129806.72,1355.43,492.2,335.22,1.72,0.37,131148.44,406.73,0.78,-0.95,1.97,-0.9,-0.7,0.66,-0.4,1.63,BOMBAY
126504.03,1328.21,475.23,338.8,1.46,-0.09,128220.52,399.09,1.0,1.33,0.85,1.43,0.74,0.31,1.44,0.76,BOMBAY
139686.62,1402.67,506.91,352.14,3.15,1.51,141091.07,423.17,-2.07,2.34,0.54,0.5,-0.38,-0.39,1.64,0.92,BOMBAY
137074.79,1432.43,526.45,335.21,1.48,1.44,139517.28,417.04,0.22,2.24,1.21,0.31,-1.57,0.69,0.23,-0.8,BOMBAY
142238.61,1423.97,516.62,351.54,2.53,3.04,143764.22,427.85,0.85,0.57,1.51,-0.33,-0.15,-0.23,-1.17,2.63,BOMBAY
138113.94,1368.66,483.77,367.51,-0.73,0.13,139491.47,417.05,-0.01,0.25,0.71,2.67,0.37,1.71,1.38,2.77,BOMBAY
138059.29,1460.46,540.49,334.43,1.45,2.02,143275.94,418.6,0.36,-0.56,1.26,0.88,1.21,-1.06,0.14,1.93,BOMBAY
