Area,Perimeter,MajorAxisLength,MinorAxisLength,AspectRation,Eccentricity,ConvexArea,EquivDiameter,Extent,Solidity,roundness,Class
141244.72,1205.61,3812.91,802.27,-1935.74,1110.12,144724.69,1413.48,4466.47,-3452.85,-615.76,BOMBAY
128562.2,2253.94,-637.57,2449.36,1397.54,-990.15,133184.13,1107.14,1365.79,-1582.54,670.18,BOMBAY
140707.78,1898.68,118.41,2352.87,-282.58,-1883.78,140355.76,1241.86,2711.35,102.0,1776.89,BOMBAY
131734.35,3350.9,1722.82,-362.01,2312.87,423.92,135382.07,-1178.9,-1883.9,-6077.76,-11.58,BOMBAY
138672.76,3849.92,-4552.48,-9671.33,13058.92,-8410.89,136387.78,15769.13,-1463.76,2725.32,-8628.25,BOMBAY
141240.19,3788.99,2646.03,-1053.77,-497.5,2591.29,134969.5,-2288.92,2535.52,1291.32,1957.48,BOMBAY
131859.19,2935.21,3540.91,-66.11,1331.42,1899.08,133539.75,-1546.3,3721.79,4118.27,-2338.25,BOMBAY
140455.65,1490.83,708.73,1244.75,-772.32,-100.42,141043.82,1224.6,-136.61,471.69,-503.93,BOMBAY
133134.02,3424.36,3565.42,-3310.67,-3012.7,2129.06,133867.64,-1421.86,3394.17,-3475.23,-1903.34,BOMBAY
142022.85,712.76,-150.47,-2615.32,1783.86,2760.5,148208.9,-156.66,-2120.49,-1265.83,2203.23,BOMBAY
142897.64,1735.68,2034.88,759.37,878.14,1954.76,143287.55,1936.63,534.84,1234.13,-928.77,BOMBAY
114246.41,2477.83,-826.56,235.96,592.15,-1148.76,114370.91,-300.98,-281.48,459.95,1384.71,BOMBAY
139020.1,1830.54,-225.86,153.85,-1394.07,-763.09,138621.98,-551.83,171.58,1425.95,1342.24,BOMBAY
149392.45,-13177.3,-8515.03,-21542.16,1285.07,484.92,136297.58,-67.05,12118.08,-2267.2,-6088.75,BOMBAY
133435.03,1567.13,-824.26,-661.87,-833.81,-60.12,132716.11,560.05,-724.5,277.54,223.98,BOMBAY
137351.92,10859.5,-1292.38,-12917.83,8009.44,-11422.9,146526.01,4851.7,1012.05,-7118.85,-1702.8,BOMBAY
134872.13,2292.32,967.72,605.65,-1736.06,-493.26,140430.75,-1305.8,-362.04,621.47,-506.73,BOMBAY
130029.05,2639.06,326.2,-705.44,2933.05,-2799.01,134740.02,2979.15,-2158.4,2363.53,998.65,BOMBAY
129970.33,1712.13,-409.03,-212.99,781.85,-166.7,131365.21,765.95,-752.94,797.42,-337.68,BOMBAY
141169.56,-6826.05,-5533.99,1544.68,-1465.3,2060.48,133859.14,-4796.81,11838.22,8540.82,2065.14,BOMBAY
131430.71,-137.9,2262.18,369.77,1375.92,-1052.59,137228.46,1553.47,622.23,2186.13,2266.7,BOMBAY
140343.15,1775.47,1497.3,1415.05,-770.21,-1148.3,140032.24,-1189.53,-0.54,-2088.29,-4007.6,BOMBAY
133739.12,1623.67,1078.42,-851.19,612.68,-252.15,136433.3,643.3,-863.07,-836.17,719.88,BOMBAY
126520.68,3828.21,2947.74,3889.9,62.29,-786.96,129012.11,-3667.7,1935.06,2759.08,1729.64,BOMBAY
162396.93,2084.64,-2560.07,11922.07,-4497.14,2529.35,129077.37,4688.66,4444.92,-5195.07,13072.56,BOMBAY
136679.73,-281.03,1676.24,-4637.75,-1677.21,-5245.08,139849.39,2644.52,-3092.88,-4361.49,-1260.26,BOMBAY
147171.45,-2570.02,6228.47,5581.95,7107.2,-2566.04,137917.75,14169.48,-326.19,2335.3,6110.46,BOMBAY
142645.75,2589.71,1873.78,778.69,1422.05,1563.88,142520.73,80.1,2669.43,373.14,2117.34,BOMBAY
142515.24,5760.66,3653.08,9480.54,-2101.25,-8194.78,137315.5,-2185.43,1985.69,1897.32,-3634.98,BOMBAY
133421.53,799.62,7983.55,1162.81,1905.32,-6274.0,132982.17,201.26,1021.59,-379.26,-2614.99,BOMBAY
139552.03,-594.04,-329.68,1977.49,386.85,940.17,140007.14,-203.68,850.89,-763.22,748.77,BOMBAY
141679.82,-802.15,-854.74,-3164.67,-4850.75,393.29,142413.52,1127.7,-2142.83,2231.93,-1707.55,BOMBAY
136668.27,371.69,454.29,4518.47,-2092.53,-647.98,140130.4,-80.1,-4100.78,2248.04,-1571.83,BOMBAY
145593.21,28029.99,34934.63,-2092.77,9097.02,38259.76,120394.46,3329.16,-51041.04,-8268.74,-8942.55,BOMBAY
133528.8,-4284.85,160.08,3630.89,1351.77,-588.88,138579.68,2686.53,-16191.58,-14212.7,-2425.65,BOMBAY
140831.32,636.66,-1474.24,4125.81,-994.86,-203.1,141164.72,-369.65,620.7,1409.13,705.94,BOMBAY
132740.57,-132.97,3363.57,-4395.62,-2337.22,679.7,141014.43,377.02,2078.18,2949.84,19.06,BOMBAY
133275.3,2801.92,432.38,-477.98,-146.61,2456.44,134028.71,340.83,672.97,-933.78,-826.17,BOMBAY
112725.05,998.34,2446.96,-1940.62,5909.67,-143.62,114939.6,3556.22,1782.26,2637.8,991.35,BOMBAY
137619.9,1973.52,-4762.81,-1012.02,672.12,-65.07,138953.66,1566.56,1039.61,1471.88,309.05,BOMBAY
139192.86,-356.82,1774.12,1496.11,-1352.1,-1118.6,140380.96,2451.01,-361.78,-118.02,1158.31,BOMBAY
132103.62,-1979.88,992.1,2125.64,-872.93,-2020.93,133550.75,3683.31,3382.6,3618.07,1.54,BOMBAY
140724.03,1771.34,1373.4,-643.47,-444.75,-571.96,141620.15,924.9,1905.63,4.75,282.57,BOMBAY
137272.36,1152.25,468.01,900.62,-1371.38,8.58,141231.13,-114.69,679.97,-89.62,296.1,BOMBAY
138608.01,-724.93,1565.98,6579.94,-1442.66,1405.08,142924.68,-3425.52,713.06,5670.5,2787.83,BOMBAY
137681.27,-19164.59,38123.34,7611.63,5579.41,2384.37,58660.73,40414.57,-57115.73,-30022.46,-2920.59,BOMBAY
142383.05,1949.08,1312.08,-214.55,-44.56,-2339.19,148929.15,-28.64,-1331.25,-4129.23,-2327.28,BOMBAY
134574.88,6888.65,-1621.58,3879.68,-5186.73,-2218.1,147407.55,-2488.2,-920.55,-1658.79,1524.67,BOMBAY
136640.58,441.97,-286.74,143.76,-2390.98,1258.79,138129.63,773.89,2235.9,851.26,488.58,BOMBAY
116737.24,2236.23,73.47,3142.39,-1513.91,1689.49,116119.64,-1973.12,4105.91,-2107.28,1526.28,BOMBAY
142908.08,2212.34,956.36,10165.12,1238.92,4440.12,142817.44,-124.06,-3316.36,3695.24,4468.68,BOMBAY
137856.58,2679.6,2781.74,3330.28,-1561.94,61.59,137595.22,880.0,2620.79,-1747.0,2977.14,BOMBAY
142363.62,529.25,780.96,-354.66,533.0,-456.19,146425.52,-487.49,-240.5,118.74,514.41,BOMBAY
138608.48,5488.95,-2240.22,691.48,8562.16,262.36,131590.46,8637.2,4969.52,2272.52,1120.33,BOMBAY
139427.29,31.07,1990.26,-52.55,3062.87,-1951.96,147036.72,-1504.74,-2699.52,3616.1,-1003.28,BOMBAY
139248.02,2668.94,806.95,843.88,1862.31,-278.76,143966.82,3321.01,705.81,-329.02,-1422.81,BOMBAY
135346.81,41.13,1.0,146.65,1274.67,1178.83,133219.84,-113.1,724.96,673.88,-92.91,BOMBAY
137523.97,-684.95,379.15,-1378.76,3309.25,-898.37,141832.47,-250.86,-1881.71,2299.45,793.97,BOMBAY
141116.28,2926.85,428.48,-511.23,-485.62,919.7,139546.19,1623.64,468.02,896.93,565.02,BOMBAY
131274.78,2110.16,-140.38,96.3,-1496.46,-850.13,132927.16,903.83,41.86,802.04,1569.4,BOMBAY
137489.93,2326.75,-3242.05,-1600.14,2454.28,3602.46,130713.03,1517.03,2634.24,1974.47,-308.04,BOMBAY
81788.64,3973.63,20069.93,9766.72,1590.01,29073.72,83933.15,-26372.76,-40363.82,17092.1,-10031.69,BOMBAY
141478.53,2553.06,601.33,1928.35,-62.69,-219.62,143838.86,-187.58,-809.32,397.52,-511.97,BOMBAY
137590.79,1350.99,-873.43,631.54,534.69,1309.82,138493.38,-374.8,-535.29,554.46,-469.97,BOMBAY
136857.77,2083.79,-349.77,1484.85,673.96,-1463.66,140081.88,1610.47,-1824.98,1268.44,217.39,BOMBAY
136100.0,414.41,2962.13,1450.39,2968.59,372.69,139600.76,321.1,-199.7,-157.87,528.94,BOMBAY
134925.38,3631.4,1071.35,-618.47,97.6,-1629.26,135077.77,644.53,-2646.16,-264.83,1788.46,BOMBAY
134402.68,6961.09,5277.4,4082.71,-8504.9,1971.76,135300.83,634.94,1617.78,-307.88,4560.25,BOMBAY
135133.78,-65292.6,8117.66,-24636.46,-985.08,-48231.83,206871.15,-10200.6,-4140.4,17986.12,-43354.26,BOMBAY
135422.94,3852.03,-1972.9,-2628.97,3988.86,4097.95,146009.53,-370.75,-246.98,-5502.31,1521.44,BOMBAY
125627.54,1897.35,177.37,1462.67,-358.92,-225.21,127530.22,-907.69,-540.14,328.75,140.42,BOMBAY
138593.61,497.16,1028.1,225.17,-1859.31,1794.97,140025.03,-146.16,-932.35,-647.05,-243.04,BOMBAY
131416.21,-6.26,1645.94,-472.8,-547.61,759.54,132207.37,768.59,-2253.4,1407.35,1375.92,BOMBAY
133266.38,2196.58,-442.62,329.63,-766.29,-433.69,134053.61,817.69,967.14,416.88,3824.04,BOMBAY
143858.21,1562.02,1444.74,724.35,-1870.1,-263.03,143567.85,-1829.02,-1961.22,-1745.45,894.98,BOMBAY
143073.08,508.03,-888.22,1262.95,1481.53,-874.79,145155.5,105.24,-3759.68,3677.31,3107.52,BOMBAY
136325.18,412.19,569.1,1369.18,304.88,-1327.84,137954.87,75.7,-722.09,516.52,-1620.79,BOMBAY
140811.92,1487.74,108.6,948.78,-2814.49,424.96,143908.95,6086.28,-2062.4,-3918.65,-2805.25,BOMBAY
132797.47,422.35,-1647.14,-1278.62,-2083.51,-321.92,136026.77,-1572.84,-409.71,-2405.57,2514.68,BOMBAY
130409.87,3353.5,-4532.65,-1018.46,-2073.7,1430.76,137157.23,-1300.41,1914.79,-1032.87,-4131.47,BOMBAY
137825.28,-2092.14,-1070.4,-4404.98,2988.32,5310.28,138922.6,-1930.5,-136.9,-1578.49,659.1,BOMBAY
126804.01,3594.77,6374.25,-2988.43,6958.67,940.75,122648.7,-4921.77,-1260.88,-466.04,3371.64,BOMBAY
142647.21,826.11,185.62,514.95,553.33,-254.34,144254.35,17.98,-402.5,994.05,-1755.56,BOMBAY
125221.45,-1968.73,10882.19,9544.34,16454.08,7248.55,136874.21,2967.35,14830.91,-2443.64,-12882.74,BOMBAY
146186.04,435.99,1186.13,-3464.74,-3087.02,-5408.57,141954.18,1463.74,373.16,170.24,-1395.78,BOMBAY
134028.42,426.93,-482.26,-1818.81,-1417.88,788.36,132141.62,1648.31,1119.73,1204.19,-621.83,BOMBAY
143997.18,2329.79,594.19,1094.43,1150.66,445.23,143522.24,603.32,913.76,-1031.01,602.81,BOMBAY
131335.04,-2679.34,1338.77,1857.6,-980.99,-1390.07,136583.3,462.2,-991.26,3126.69,-2139.67,BOMBAY
136466.04,-1443.7,1369.87,-2445.52,2307.34,-37.79,139345.97,-132.8,-1167.4,-1616.75,-1158.48,BOMBAY
172228.46,75835.08,-529.86,5527.9,17207.95,-26482.46,171896.14,44617.39,-9029.68,55968.32,-31215.08,BOMBAY
129796.07,448.8,430.91,446.17,-345.62,-2709.91,130395.54,-157.58,-2042.82,-1193.26,-284.28,BOMBAY
143573.12,-3363.88,-257.99,-2918.31,5287.61,-1260.84,139717.79,-417.05,-3255.56,-2110.82,150.71,BOMBAY
124032.34,15636.23,26828.91,-33794.31,12316.75,-17325.14,138501.84,-80640.07,-9152.69,56022.33,353.02,BOMBAY
142235.8,1862.14,1668.73,-2384.35,334.1,-230.84,145242.81,229.9,528.98,-1958.98,-808.41,BOMBAY
137422.83,-15692.52,10537.26,-24646.69,22704.26,-32830.49,148032.67,3484.61,29190.07,-8382.99,-27050.88,BOMBAY
138133.2,3740.65,320.12,1707.72,903.63,739.08,137164.66,-1011.22,716.11,-1949.26,-3501.7,BOMBAY
135780.52,-1642.51,1149.98,658.34,1828.62,-1564.98,135552.11,1118.3,-403.41,86.5,458.77,BOMBAY
138192.08,4901.17,3895.96,-1689.13,-5264.15,1844.74,140501.35,4839.52,-165.25,-4618.51,1535.67,BOMBAY
144598.96,1317.13,640.43,799.12,251.28,172.62,146583.77,981.57,1104.38,-771.62,1628.48,BOMBAY
137599.73,691.82,-2267.17,2162.85,250.12,1092.35,142053.7,3518.15,-2067.0,1560.55,1136.46,BOMBAY
130321.22,4683.4,-105.41,2013.32,2542.94,-1827.07,131081.28,1546.59,-2776.99,-4642.9,3014.27,BOMBAY
134176.79,-218.8,60.47,4364.49,538.86,-2213.3,130928.6,-4849.49,1631.22,-141.98,-6289.59,BOMBAY
138336.67,-7317.4,7292.29,3046.1,-2210.21,-6941.93,134376.94,-4310.81,6991.99,-1323.27,5573.54,BOMBAY
131518.7,8047.1,2538.4,603.22,1033.76,4155.06,134918.79,-4476.36,4354.59,5938.82,-6017.13,BOMBAY
129339.94,3545.59,-548.38,657.01,-537.45,-710.82,132089.3,-547.74,3155.89,1404.22,-1643.31,BOMBAY
140134.7,2258.9,2579.24,-1528.22,-1294.23,-1313.98,139345.14,-2236.42,1150.45,-2485.56,-4858.32,BOMBAY
118024.74,-5140.67,1584.54,-1687.69,-2.98,3877.73,117835.42,4270.01,-1641.74,541.12,3896.77,BOMBAY
117146.79,-4622.11,-2476.76,-163.75,2067.24,-2237.28,120280.49,6979.41,-3055.86,-2246.05,-3938.62,BOMBAY
145028.71,2094.2,1025.74,1247.87,419.91,787.71,145701.64,1671.84,476.78,-2292.39,-739.97,BOMBAY
115547.28,4210.77,-1392.38,1753.19,1184.1,-2240.06,118117.55,371.92,91.48,272.49,-1278.74,BOMBAY
134544.79,1720.66,-1289.55,3439.67,2003.55,3438.62,135190.76,1013.28,-1076.06,3912.2,3762.91,BOMBAY
130570.41,-513.32,3137.53,-785.14,-1745.49,-1442.26,131765.54,2715.85,3349.64,1603.37,-3316.34,BOMBAY
138403.07,2242.62,1136.62,2597.75,-239.85,-873.37,146377.73,853.46,90.05,360.07,2314.8,BOMBAY
132280.74,3478.18,-424.62,-78.88,3866.79,1894.21,137345.69,-963.68,1383.42,1189.73,1123.54,BOMBAY
116504.9,4560.02,-3702.36,-2375.86,452.29,433.46,115489.43,-2482.08,2068.8,2172.67,-318.43,BOMBAY
132044.8,-729.37,755.04,-1696.81,-2621.84,51.26,135298.8,-660.29,-4528.03,-4043.26,-2293.8,BOMBAY
138288.09,-18000.81,22442.84,-9580.14,10573.29,-7091.23,121504.86,6826.08,-8541.71,-11513.13,7002.96,BOMBAY
136755.97,3538.56,-43.63,823.13,-1358.46,-1000.56,137528.54,2772.14,664.03,2268.82,24.79,BOMBAY
91609.45,-2840.06,-38253.35,-54427.81,-1525.48,29191.24,27900.38,2849.46,-17160.37,-32245.47,40061.32,BOMBAY
131318.48,153.5,3151.18,284.16,-1227.88,423.08,136311.96,-810.53,-117.78,-885.77,-371.6,BOMBAY
138498.77,6493.57,-535.02,-2199.75,-1620.57,-1033.31,143185.06,-678.84,-1609.34,3604.87,2280.61,BOMBAY
141964.42,1042.54,31.57,-2030.87,603.71,-1986.88,139186.52,302.43,97.01,-2181.96,59.96,BOMBAY
143112.5,2630.3,2251.22,-1755.74,-2449.77,-1247.51,147565.35,-602.12,856.05,3098.9,4460.62,BOMBAY
141682.74,-1191.13,202.66,-121.24,-1267.73,1259.66,144781.8,1883.49,3107.56,2655.87,-2377.66,BOMBAY
137768.15,1635.82,-758.66,155.27,-69.9,-232.85,137658.03,1446.89,-630.31,40.95,125.12,BOMBAY
134544.54,1792.52,-1309.69,-1847.56,1557.19,72.94,135531.62,507.14,-104.48,-147.54,1832.66,BOMBAY
138513.34,2709.4,346.07,-1624.11,1760.91,41.38,143744.29,701.55,309.4,-589.29,-2288.0,BOMBAY
145164.17,415.71,5462.53,1935.57,8229.01,-459.08,142752.69,-648.71,-910.9,4667.04,779.34,BOMBAY
134642.74,846.4,-382.37,-1036.4,346.66,-261.0,131366.43,-1501.59,-4239.92,2233.01,-4499.7,BOMBAY
126565.65,-696.61,860.17,4251.2,1360.23,-555.28,126175.69,1822.72,-541.57,1689.92,-969.76,BOMBAY
125103.79,-1149.52,1339.98,1724.34,7390.32,4009.53,133061.68,-605.55,-3061.45,-3866.0,955.8,BOMBAY
135587.73,1124.96,1832.48,1163.67,900.7,3274.97,135229.66,1127.32,-1545.4,150.75,-1382.54,BOMBAY
143876.11,368.63,948.95,-221.92,-720.11,388.9,142972.24,-355.69,259.07,494.73,634.74,BOMBAY
204509.59,81884.58,11015.0,39638.44,-17257.89,-9915.19,173587.47,-28491.48,23726.72,-38638.17,21555.88,BOMBAY
140872.16,2289.6,6076.38,1083.03,3001.74,-926.49,143215.38,743.66,-2124.37,1805.62,484.05,BOMBAY
138945.44,4390.33,1651.74,-2250.32,-474.11,-1092.44,143127.4,-3777.8,-3029.42,-4668.35,257.11,BOMBAY
133396.62,2125.86,-905.19,-374.27,841.77,600.25,133044.45,-1189.08,333.27,-284.62,862.33,BOMBAY
134872.24,174.51,-17.31,1677.34,-709.56,1936.24,137371.33,-1542.2,895.23,-935.77,-1331.65,BOMBAY
143056.97,1114.13,1489.75,-489.54,285.89,-8.78,143757.7,-738.99,1959.13,-1633.19,1761.08,BOMBAY
129978.06,1036.82,1657.76,-5231.02,251.03,-240.86,134301.68,-3324.37,3851.96,-1961.35,-3416.38,BOMBAY
137870.91,4553.77,6311.17,1461.49,-2864.69,-2010.97,139659.26,1616.59,636.66,-682.6,-2552.6,BOMBAY
117753.27,1825.43,-577.38,1014.31,-829.87,-950.57,116223.28,760.35,-1082.68,2783.19,-230.43,BOMBAY
138313.5,5295.35,894.48,-1209.36,1569.45,-732.85,141747.94,2869.17,1517.52,-564.89,1745.83,BOMBAY
134319.97,510.58,1269.52,2490.27,5049.46,3818.66,142073.9,4636.69,-1086.14,1574.49,5101.7,BOMBAY
141529.88,1759.2,657.6,611.42,881.67,84.3,144823.75,20.28,-366.41,-951.86,1087.77,BOMBAY
114611.25,31681.66,-19410.5,-45755.49,-37107.87,21267.85,168928.23,-19961.66,-12293.54,56246.37,-53020.84,BOMBAY
142127.37,-2413.67,102.35,5213.77,-137.41,509.57,142035.53,-552.47,1944.72,1500.48,-7.76,BOMBAY
144089.92,1865.47,5751.84,3711.8,-7994.82,-4807.31,145189.2,-634.25,-2970.31,2034.9,-3396.49,BOMBAY
141849.75,2159.72,225.37,99.33,-341.93,363.71,143869.61,-377.67,-498.07,150.48,-200.41,BOMBAY
141602.38,1771.62,782.32,-1392.83,-654.44,1653.69,138679.53,442.53,17.98,1071.65,-1089.38,BOMBAY
140839.35,8421.38,1423.34,517.53,1773.87,-946.61,145033.0,5070.03,757.63,5034.81,5941.91,BOMBAY
144969.76,1204.57,1174.21,1204.66,-1225.87,1039.37,147789.86,472.72,1512.37,978.97,1495.14,BOMBAY
148371.41,7704.63,-2838.3,-11171.13,-9751.98,18090.72,152564.31,-2793.54,2500.25,-1255.4,-2353.88,BOMBAY
143178.97,3322.89,762.71,2504.26,-396.35,-81.26,147649.82,-580.14,-2278.1,-62.68,4289.77,BOMBAY
139251.99,4373.23,-1781.46,-516.36,-1383.92,-301.54,142466.01,933.94,633.89,589.6,-1315.91,BOMBAY
132603.61,2203.12,300.05,117.6,-140.73,-348.03,132925.11,1147.85,499.22,2436.38,-2510.28,BOMBAY
127416.94,1411.72,2060.3,1285.04,-230.74,-417.96,129542.79,1831.47,878.82,-1128.76,-968.59,BOMBAY
145369.24,1743.91,-1022.53,-1679.04,158.23,93.07,145206.66,1764.5,-667.86,-1465.61,-897.16,BOMBAY
141379.35,-41.91,1185.67,969.31,-1558.24,583.3,143842.71,1115.48,-1698.28,-1093.35,-371.52,BOMBAY
137016.71,1481.15,268.47,2810.22,-2076.39,-162.88,141119.47,1745.56,1906.19,-440.33,1205.04,BOMBAY
130603.69,-462.2,276.66,-414.18,-1021.12,439.1,130447.81,3305.16,-1195.1,1726.41,201.65,BOMBAY
146331.41,3206.37,4677.62,-5713.92,7537.33,-12310.46,136085.78,-1832.2,5195.68,7974.02,16543.34,BOMBAY
136923.73,2778.9,552.78,-2038.26,640.81,1857.21,138410.13,-744.62,3043.98,1791.1,-1847.38,BOMBAY
137336.21,2111.59,243.36,1946.35,2017.23,-606.5,137828.73,1217.53,2392.59,-2470.79,3232.98,BOMBAY
141413.15,429.57,3212.96,266.16,651.73,-204.5,138436.46,253.97,1216.52,-2482.86,1111.74,BOMBAY
143568.97,2355.91,79.35,1591.55,-1588.8,1643.22,144362.51,2306.44,-2393.0,-496.62,247.73,BOMBAY
139392.98,1144.9,1524.9,-18.21,-319.39,-306.65,139764.74,656.52,593.54,993.77,-742.99,BOMBAY
135473.12,4438.91,-670.33,5997.09,-2984.73,283.84,140486.01,2993.04,-5131.15,361.1,-700.91,BOMBAY
121134.24,889.18,445.29,2543.43,2139.23,1095.49,117102.38,3340.48,8488.99,205.27,-6690.09,BOMBAY
124002.34,-4993.49,2753.44,925.24,-2074.53,-1402.5,124858.97,-3629.24,-1326.58,-1914.76,4086.38,BOMBAY
132521.65,2832.66,-1242.77,820.86,173.98,-664.56,133411.95,-1027.7,-1456.09,1356.2,-1171.2,BOMBAY
129428.04,-2006.79,890.98,-79.43,-1084.96,-1164.2,133841.45,162.78,2127.5,590.89,-698.29,BOMBAY
135592.4,1450.74,1771.89,245.41,1909.91,397.42,135845.56,418.42,1802.34,-1422.71,-1851.48,BOMBAY
138767.36,1054.15,-1252.02,1133.84,99.21,-384.52,137800.91,495.03,-622.39,1289.94,2367.63,BOMBAY
132370.32,-482.01,-1612.95,2945.51,-1123.96,-864.05,136209.74,1501.1,4797.7,1472.73,-1191.62,BOMBAY
139139.16,1237.4,676.36,-59.03,-259.93,-1793.67,138587.31,1086.46,-1717.16,299.69,-928.54,BOMBAY
138271.78,5582.61,-1475.25,3304.77,-826.98,-4943.44,138724.71,446.41,-3742.97,-8647.14,-4948.36,BOMBAY
139979.77,5603.6,610.41,2366.04,-0.47,1230.19,143924.77,-59.62,1145.56,-672.53,2339.6,BOMBAY
142333.6,4149.69,3486.38,-3152.21,-873.13,-973.28,143245.46,3022.77,-6313.57,-7294.69,999.31,BOMBAY
132904.15,4015.92,728.1,-1897.21,182.78,691.07,140429.41,-425.81,4167.39,2658.8,1190.79,BOMBAY
128263.6,1834.67,559.86,2061.49,-1221.47,343.42,128874.39,-1702.0,-23.6,1086.45,259.44,BOMBAY
139650.72,20800.61,572.28,10428.37,-2574.29,5829.29,148520.03,21116.75,13870.8,6539.34,-7759.9,BOMBAY
131424.53,3737.44,1311.3,-3406.9,-1108.21,1040.71,131418.48,1751.52,-1521.25,-1619.43,-1204.06,BOMBAY
138466.63,1268.74,-1153.95,2950.7,-376.98,-869.58,139849.13,-171.75,133.03,-1919.88,-611.95,BOMBAY
113165.58,-2859.49,826.08,196.73,1086.52,994.74,117244.98,4076.06,1665.52,1695.78,-2184.35,BOMBAY
142259.76,1532.5,1263.33,-1270.51,-374.71,-79.41,141350.09,1859.58,548.68,-431.3,729.89,BOMBAY
131265.47,5427.6,-287.14,-191.05,-353.97,-5838.52,139985.71,-6519.21,4603.1,3637.66,-187.9,BOMBAY
141356.52,2135.32,-1475.04,-212.29,1825.35,-1273.31,143688.65,3784.19,-1064.47,1683.86,-1097.77,BOMBAY
114903.02,1938.53,1316.64,-45.27,-1027.56,-367.25,115933.59,-847.95,-443.02,-398.0,-1095.26,BOMBAY
134735.91,3280.3,2716.92,3348.5,-1697.08,378.76,136762.39,-1793.3,440.22,-266.68,-624.63,BOMBAY
135016.15,2077.84,882.48,-374.97,479.61,-1434.89,143476.37,1004.54,1556.05,311.17,-992.87,BOMBAY
131524.21,2392.2,-1316.42,1053.14,-571.95,1298.42,132017.26,-832.7,-390.58,640.3,-1487.8,BOMBAY
134255.94,985.01,304.24,-1896.88,-879.51,253.35,135269.81,694.87,1625.92,-1974.81,656.09,BOMBAY
131235.98,2315.47,48.16,-190.74,621.07,-486.83,131875.51,3255.89,-107.53,-503.35,54.69,BOMBAY
140009.48,-953.72,-3900.99,-2565.74,1608.61,-298.07,142040.59,-2259.77,1522.46,-3184.21,1578.73,BOMBAY
138113.66,1714.78,931.21,964.12,-2516.21,3461.46,137209.43,-821.9,4208.3,2925.25,-2935.0,BOMBAY
135619.32,-419.75,-353.46,-5487.95,-905.26,1058.55,148849.92,1859.56,-3886.85,-5613.15,1403.7,BOMBAY
111917.69,-50604.85,5754.55,-32039.0,-39914.37,86148.59,167742.76,11966.54,-10082.44,-14624.99,-24051.85,BOMBAY
130689.72,1006.29,-1331.58,-3041.54,-431.78,203.46,125996.36,-157.42,-2666.09,2158.56,-332.99,BOMBAY
133746.41,1013.53,834.62,841.89,-564.98,-1594.03,134979.99,601.99,1185.2,732.37,-762.34,BOMBAY
143125.63,1863.45,-2225.83,3107.9,793.72,-178.46,145065.53,716.97,747.1,73.47,757.06,BOMBAY
136591.03,2471.78,-895.1,-1325.87,-3419.95,390.96,142059.29,-1100.65,-90.82,55.47,-529.73,BOMBAY
140200.77,1500.54,-376.39,2631.33,2058.29,-3818.06,146904.91,1986.06,-3006.21,-981.7,6487.81,BOMBAY
157829.59,15585.66,57726.49,58214.16,-7853.79,-36202.59,125193.26,23044.91,-15228.94,44141.03,-5021.44,BOMBAY
138213.55,67.83,-233.19,-4174.17,-4138.37,1467.68,141802.67,576.02,-4656.76,1131.93,-2196.71,BOMBAY
142728.79,1871.41,-753.32,-947.27,546.83,-361.52,144825.69,1282.74,608.26,472.88,-153.36,BOMBAY
116339.54,-417.23,-760.09,-1080.36,2379.1,-525.47,115474.91,240.92,-847.27,1285.79,-2946.44,BOMBAY
131113.07,-519.97,-201.41,933.23,393.89,-2923.66,133313.26,1565.59,380.44,4782.4,-965.68,BOMBAY
135169.44,-38153.44,51210.81,9419.28,47002.0,-6132.41,99798.43,-7493.7,-12890.22,-28273.56,262.25,BOMBAY
137188.86,3171.9,1971.58,-1725.19,3339.86,-535.56,136075.41,-572.6,-2572.65,1462.68,-546.81,BOMBAY
135214.41,606.93,3343.13,-1716.86,-500.17,-3719.42,140479.46,966.46,-6177.23,2203.86,2043.67,BOMBAY
132139.33,190.15,246.95,-536.3,-972.14,-218.23,132789.47,1391.55,2697.62,-1628.64,-492.0,BOMBAY
125668.22,1691.79,-296.97,109.97,-3521.49,316.03,125601.94,-1547.14,523.27,1087.22,860.16,BOMBAY
142476.19,-97.64,-197.71,-1281.61,-297.07,235.69,143109.76,603.74,-678.8,968.68,165.93,BOMBAY
142499.47,3229.97,-1852.51,-462.96,630.59,-1650.71,146326.44,313.07,1663.19,-1336.51,2524.57,BOMBAY
138621.47,203.44,878.39,-2243.22,-915.22,520.18,140524.07,631.72,1005.86,-1624.67,50.97,BOMBAY
134094.15,1931.87,-1092.24,-1681.87,6104.66,-1867.31,143380.36,-3235.87,-621.15,1049.49,3117.65,BOMBAY
139511.74,-621.43,-2148.85,3682.26,-420.72,818.24,138165.77,332.88,-743.67,2970.85,2339.62,BOMBAY
134754.35,2116.22,1919.78,2230.74,-27.45,-64.91,135997.22,333.81,-361.32,-49.87,-290.1,BOMBAY
143530.28,-6626.29,2278.53,-2667.01,-297.14,7440.23,139096.22,7172.31,5036.22,4681.68,6272.01,BOMBAY
126112.81,3931.94,1479.99,3315.15,837.19,-935.42,131283.3,-618.4,3451.41,752.48,-473.31,BOMBAY
143259.65,-488.51,1172.91,4247.74,2288.3,-1974.98,141477.14,2596.39,-2203.86,325.76,3493.38,BOMBAY
135188.45,953.06,2576.68,-1086.02,3568.88,1284.85,138283.79,-3206.21,-3033.78,576.77,-897.44,BOMBAY
141316.62,1451.52,-260.08,1425.15,186.12,-233.73,141358.6,1141.57,186.0,-1214.15,-107.27,BOMBAY
141359.01,620.83,-289.54,-2052.13,-1341.93,977.37,140725.94,667.76,-351.92,402.08,406.64,BOMBAY
116271.06,40765.2,-544.42,-4974.29,7808.89,3571.68,125633.06,-35431.04,86795.93,-5522.22,29722.5,BOMBAY
143372.25,3756.9,1832.98,-1296.79,1425.22,-1571.54,145073.48,1542.67,-559.84,-1243.36,277.33,BOMBAY
148644.31,-4015.2,-6467.8,-29871.28,14415.8,21674.52,141043.16,11245.92,1005.68,8941.08,-14237.02,BOMBAY
116593.27,3168.78,-562.73,1216.19,2510.07,-198.3,114497.9,1388.94,-2933.9,-2579.01,1109.12,BOMBAY
144197.85,6936.41,3765.71,-1722.26,-4246.28,3182.69,152753.98,2539.65,-6046.07,-11145.74,-4191.44,BOMBAY
135754.67,-1126.45,1677.48,1260.5,1605.22,-3472.39,138531.14,-1882.24,978.75,447.15,-109.85,BOMBAY
140146.97,2538.49,-2889.97,-545.14,1913.59,909.99,141564.1,-1265.89,1717.89,1669.85,-2092.55,BOMBAY
137953.34,-746.94,902.97,-1508.87,-71.29,45.39,143580.93,1022.77,316.54,-44.03,561.17,BOMBAY
137702.66,2807.5,4156.61,-362.53,1695.39,-1347.22,138660.47,-4171.09,-4914.53,-3788.18,1363.96,BOMBAY
144119.42,-170.67,133.83,-1147.28,613.86,-97.91,145264.39,-151.75,306.73,-464.59,521.51,BOMBAY
131490.31,3482.96,1653.98,2294.36,10636.41,12546.61,125929.36,-29.55,-4394.23,-5812.9,10579.28,BOMBAY
132133.04,18378.75,-4055.07,7259.91,376.83,-8484.57,144248.7,-22418.87,-154.05,-4516.77,-11009.58,BOMBAY
145951.59,1275.73,-774.89,1754.16,-2854.36,1269.88,143270.25,1715.28,1140.06,-3797.37,-2028.04,BOMBAY
134113.84,2568.68,-4217.05,3798.99,-1258.99,2437.96,137284.76,3072.75,-1244.79,-5658.71,-1430.79,BOMBAY
138744.48,2623.07,-505.9,446.62,1881.5,2078.7,135265.61,963.74,1726.14,-1774.21,-3335.06,BOMBAY
140578.27,6543.85,1146.08,5624.93,6960.86,3473.55,138403.56,-2383.79,-1578.81,5246.42,-5193.38,BOMBAY
135482.6,310.56,2419.97,1973.68,1731.42,4030.51,140045.59,775.41,1228.58,517.91,-1964.38,BOMBAY
135302.85,2677.2,-98.72,-1183.41,1122.33,2434.51,140296.72,1910.45,483.91,-1739.16,96.16,BOMBAY
139488.16,2656.28,809.69,-568.11,-581.87,269.04,141384.69,-786.84,-74.93,-923.98,-1044.66,BOMBAY
104993.75,44174.55,59523.99,58270.45,29698.49,12741.12,107804.8,11319.17,-7990.08,42540.83,83005.2,BOMBAY
143554.7,-118.49,-656.1,1083.41,-1237.35,-156.62,136393.73,2435.69,59.42,-1310.07,-2424.45,BOMBAY
144220.41,-515.58,1387.07,-821.22,-909.99,551.26,145479.44,318.02,-2356.44,-338.2,-736.25,BOMBAY
135376.85,926.07,2516.26,-2621.59,-6695.51,427.7,143623.29,-1016.69,-868.45,-3165.49,5441.46,BOMBAY
149868.18,1175.21,-795.77,-5398.28,-23.87,-7739.27,149838.85,3624.91,1108.55,2162.24,-2942.6,BOMBAY
140777.81,2566.25,2071.2,448.3,-218.93,-1217.65,142147.78,-228.45,23.76,-3353.2,-3271.24,BOMBAY
137658.93,3077.01,5500.07,-1814.0,2497.13,4033.26,136388.33,449.8,808.69,783.37,621.34,BOMBAY
140619.69,3268.28,-458.13,2885.61,37.71,2542.86,140642.7,-823.21,-1793.46,-3332.71,-707.03,BOMBAY
143512.69,1454.59,-841.39,-188.88,-844.85,167.63,146878.83,7227.69,624.87,-2255.97,1518.43,BOMBAY
128423.53,3124.62,-989.21,-1638.51,-4748.39,-1833.55,131044.97,620.1,5922.7,18.75,136.94,BOMBAY
144209.09,3090.04,1092.91,4179.73,-790.42,-2040.09,144707.03,607.02,-2921.81,4187.86,-6472.06,BOMBAY
137010.57,2454.07,544.37,658.05,-316.72,951.94,138551.75,-171.79,993.75,-914.27,-862.85,BOMBAY
141712.96,2624.74,-1577.48,-390.3,1238.91,1374.06,144568.94,669.65,-831.71,465.25,978.65,BOMBAY
127899.7,34.89,942.66,995.78,-344.75,919.68,128018.73,401.32,-1655.69,-28.74,1290.97,BOMBAY
142500.27,138.31,640.14,-2258.07,815.88,-2227.12,143154.84,44.53,-1462.68,931.97,10.02,BOMBAY
138313.95,1245.74,2544.54,-4410.34,612.44,2282.91,136013.04,3778.39,1859.61,-3018.37,593.12,BOMBAY
136945.72,1735.23,275.11,89.77,-2869.2,4005.25,139651.64,730.68,-1394.01,451.52,41.14,BOMBAY
134928.04,-734.81,13.45,2125.37,-2007.6,1808.79,137790.23,6860.6,1522.82,-300.6,-2446.14,BOMBAY
115203.84,2518.1,-878.86,477.84,-907.3,2476.85,118895.67,2547.48,662.8,1311.57,2062.84,BOMBAY
138969.49,1190.75,-243.01,-439.66,-101.55,66.13,143508.34,24.87,-1687.4,960.01,-162.73,BOMBAY
134814.95,-88.2,2276.69,-1388.89,466.97,-421.46,135142.03,618.07,1083.91,-842.25,1772.38,BOMBAY
137753.84,2020.15,183.17,-1273.75,-279.49,1819.45,139288.07,649.72,-1914.21,644.51,-302.99,BOMBAY
144810.42,5460.3,-3440.08,-5391.04,-7697.8,551.52,142457.49,-7207.1,-7419.07,-580.58,5245.07,BOMBAY
131449.31,-2811.56,1366.65,-571.68,-2853.21,2061.78,128232.06,3872.13,1863.78,2107.42,-2465.71,BOMBAY
132776.16,2083.76,-237.53,-307.36,330.34,1284.97,134861.58,-270.67,173.72,-58.76,243.04,BOMBAY
140956.01,-1272.23,-412.15,-545.47,-4635.09,-1273.56,144240.05,655.92,9956.55,-3144.42,1746.26,BOMBAY
136074.18,922.92,-571.06,3531.95,-487.44,-2321.71,136594.61,-1846.06,1682.82,3283.23,18.63,BOMBAY
140286.72,2285.68,653.31,-557.89,-385.49,-608.91,137373.79,5029.12,457.45,-93.21,947.56,BOMBAY
143316.13,-387.33,523.69,634.57,182.29,-1665.93,143837.04,633.35,-1413.4,-683.34,-869.84,BOMBAY
135567.5,4883.81,2616.11,875.02,3024.59,4120.59,142693.2,-1291.86,-5902.03,-3322.06,-902.14,BOMBAY
141012.96,2474.64,1171.09,-491.13,-985.28,-518.45,142253.78,1670.78,1578.18,1759.67,1722.34,BOMBAY
132680.23,246.57,178.8,-825.39,-252.7,-815.62,136018.75,1181.16,320.55,1382.61,1300.99,BOMBAY
138641.28,1420.67,-1038.51,-3209.17,1618.3,1499.94,134645.27,-1325.64,-2258.56,-252.59,-3062.59,BOMBAY
133160.31,536.16,1497.77,-891.63,535.62,-192.95,136051.91,-1099.99,1170.29,-692.68,-1899.89,BOMBAY
136681.92,621.87,-1796.91,2755.87,-7087.59,-2517.46,139526.7,-1558.79,2966.26,-4067.0,2324.65,BOMBAY
137207.09,765.99,489.06,-158.55,409.93,-498.37,138865.37,-12.11,1426.66,210.36,392.23,BOMBAY
140444.79,5126.14,-508.15,341.86,1398.49,161.61,136983.7,-435.93,1331.26,-725.62,1073.01,BOMBAY
130719.98,-244.7,1365.55,924.11,1020.94,1193.24,133504.08,-53.64,-325.23,825.32,1384.26,BOMBAY
133650.22,-6.01,1613.31,1981.88,831.01,1479.9,134154.53,1047.94,719.35,156.66,-739.44,BOMBAY
131407.88,485.0,2523.91,-562.23,183.85,2144.27,130165.35,-2949.38,-3688.28,-2415.8,-1817.12,BOMBAY
113716.45,198.71,827.22,265.01,1395.1,724.24,116281.27,-1098.49,-970.92,1475.39,-233.67,BOMBAY
140626.88,2720.18,2386.23,-2890.54,2850.13,-453.86,144116.92,-3760.88,1985.69,3295.37,-905.99,BOMBAY
139848.28,996.78,-309.57,-592.32,-1116.18,806.52,142765.76,203.13,1725.2,-964.75,-63.68,BOMBAY
134930.43,386.82,2660.85,564.68,1204.66,-902.78,135856.98,1346.42,-294.31,1047.99,-284.46,BOMBAY
140310.77,-625.84,2320.59,917.69,2076.87,995.97,142876.16,2202.78,-824.34,1276.97,788.04,BOMBAY
140364.43,860.34,-1819.63,-905.39,3205.08,-1267.02,143901.3,865.42,-1945.24,55.61,-2835.78,BOMBAY
129144.09,1486.65,-3056.21,-160.21,-310.12,-256.33,130400.3,850.45,-1131.31,-2553.99,505.85,BOMBAY
137754.86,-899.94,-566.44,925.69,287.69,-981.39,138301.5,-700.88,-289.19,2923.56,780.3,BOMBAY
116532.57,-328.62,-2668.54,9194.86,-907.77,-1489.24,117880.22,3049.91,-1755.29,-3647.82,885.04,BOMBAY
136597.89,2891.3,-4530.2,3138.35,-4857.23,-2344.08,136638.17,1367.86,1106.09,2039.77,2589.51,BOMBAY
139496.65,-29.09,89.9,2822.64,-151.61,-1405.82,138653.97,231.89,-490.94,-858.06,-738.09,BOMBAY
129799.55,3075.02,715.07,25.0,612.88,1699.93,130333.48,2799.34,-3121.48,807.35,-1472.33,BOMBAY
145274.66,-22.28,3017.15,-9167.11,5273.7,-8683.02,142840.74,-669.13,-52.03,-3784.23,-515.38,BOMBAY
145807.15,3105.66,-2520.72,3251.59,2033.53,-2092.04,145879.5,2550.34,3105.63,-472.41,1648.8,BOMBAY
134450.03,-58.58,-156.66,709.59,-67.07,2810.2,134696.9,725.4,2390.9,4652.76,256.84,BOMBAY
136649.75,-356.23,468.72,3182.34,-2127.3,-2793.21,135217.19,3538.33,777.04,-4655.49,-1803.18,BOMBAY
141178.32,508.86,-576.23,1191.78,1055.31,-345.49,142281.55,2421.55,78.89,828.7,3023.34,BOMBAY
133294.57,1289.18,2483.44,1185.53,192.65,1302.04,136193.14,-380.49,-657.58,-39.9,1024.57,BOMBAY
135210.13,-159.4,3946.86,1203.38,519.29,1910.46,140034.67,568.89,1127.99,-2797.3,-4207.5,BOMBAY
139697.15,156.9,3280.84,-1106.06,1964.59,3272.86,143927.03,798.34,1949.12,-1606.81,-2242.44,BOMBAY
136184.83,1499.42,2271.49,856.51,391.92,1098.51,138010.46,1871.76,45.19,614.26,-277.59,BOMBAY
136078.7,1658.33,-1590.16,2315.78,-2146.41,-523.4,136139.9,1849.18,181.67,-831.0,700.21,BOMBAY
141507.81,366.38,3071.03,248.56,-42.75,1666.71,142942.2,-67.61,1165.27,83.49,-630.2,BOMBAY
130900.2,2078.02,600.7,-536.12,742.57,-407.81,130396.39,433.56,531.53,-277.78,-783.5,BOMBAY
133346.55,125.58,4867.48,7188.23,-1201.5,-5602.21,135858.12,7554.27,-4672.55,-6117.04,3985.18,BOMBAY
135636.67,-396.37,-3280.2,4760.39,-20.12,2147.81,134407.46,-3602.14,-1747.06,-7309.96,-4338.93,BOMBAY
140235.87,1448.45,585.36,-128.48,237.43,-1204.91,144855.62,-1269.93,-298.51,-1610.31,1070.34,BOMBAY
131760.15,-110.41,100.64,370.89,-4314.37,-1927.27,134909.94,100.14,-736.91,-368.48,-1171.73,BOMBAY
138355.13,1159.4,318.92,913.57,190.55,1104.89,136718.77,414.85,1559.25,-494.83,331.95,BOMBAY
139146.78,699.35,1914.28,878.33,-403.58,-212.32,138643.53,915.4,1162.57,1719.57,794.3,BOMBAY
142282.91,2521.71,3027.31,2767.1,2100.87,-140.25,140394.77,-2099.3,-2096.32,1998.96,-4078.58,BOMBAY
141085.09,-1888.43,6067.09,-1401.38,44.64,75.14,145442.06,5615.27,309.79,4290.03,3524.68,BOMBAY
140126.85,1251.14,-1172.76,-157.79,-554.47,-1620.03,143657.19,460.69,770.39,-820.96,-965.48,BOMBAY
134300.23,7552.34,-873.34,-1960.69,4621.58,3093.48,128516.96,4106.8,-7160.45,790.95,1652.9,BOMBAY
140000.54,63.96,-3836.9,-933.44,-5127.59,-1169.84,141458.71,1685.14,954.47,1019.0,1296.07,BOMBAY
130854.2,2956.5,-699.47,-313.0,791.22,1095.16,133016.98,-976.3,-3304.19,-572.74,415.79,BOMBAY
137549.35,1880.97,-281.59,637.99,-904.49,-1765.87,140869.95,1484.39,-1115.63,983.16,-350.14,BOMBAY
131319.75,2072.74,1.62,879.46,-3413.7,589.67,133114.45,363.41,984.32,1032.81,466.68,BOMBAY
135115.35,5685.58,-7529.45,9595.82,-4880.23,-2211.7,131686.67,-2137.44,6578.07,2194.9,1126.99,BOMBAY
132146.12,3259.34,4185.86,-1110.28,-2902.62,179.04,133752.34,-348.11,837.02,2450.28,-1991.76,BOMBAY
140650.18,530.28,43.41,706.18,-1060.53,1008.26,143120.34,168.32,-1616.59,-1782.59,44.45,BOMBAY
142562.65,2928.67,-42.81,-3266.51,-324.86,639.94,144506.69,-6512.15,-6792.7,1184.01,-81.3,BOMBAY
112063.24,1539.26,-1116.17,3886.45,-44.52,-518.57,112709.12,1040.65,-2384.55,386.38,846.57,BOMBAY
145803.52,3498.08,-3342.82,1183.83,6556.14,-869.73,143526.61,-969.49,1056.36,-911.87,2413.85,BOMBAY
143127.07,1095.17,841.16,-507.51,793.38,-1161.74,145642.49,1399.79,-2033.42,715.64,-675.53,BOMBAY
137380.8,621.85,1012.11,3164.06,-87.44,-3971.61,139682.21,2465.05,-2072.62,-53.26,-3843.94,BOMBAY
140372.51,146.77,555.37,2348.76,1511.93,-1310.51,145635.49,3991.58,122.36,93.47,3448.48,BOMBAY
143774.73,3288.38,5071.72,1770.18,2986.42,-643.0,146024.47,-925.34,-279.31,-2223.57,2519.03,BOMBAY
123864.81,13520.38,7396.75,1105.66,1510.45,10567.81,141397.21,5426.2,5403.93,-4380.98,-6562.49,BOMBAY
142174.43,-44.72,1542.73,2888.17,-1442.93,-376.48,145608.64,2810.98,1120.75,4145.91,3201.09,BOMBAY
136508.05,-95.74,2062.65,1269.96,2670.82,2817.8,134844.83,2341.99,-1003.95,-4028.52,573.61,BOMBAY
145118.34,221.28,3695.59,5636.6,546.92,372.7,138035.57,6227.69,3038.68,7079.95,-809.87,BOMBAY
140523.86,1107.26,1695.64,-884.14,-1192.89,297.57,141100.74,117.62,1305.05,-232.41,451.04,BOMBAY
131827.12,-306.13,874.31,-609.51,-2097.49,-1616.21,133539.28,-112.98,-19.08,610.3,-924.82,BOMBAY
140034.17,1281.91,3186.12,-305.65,-884.96,928.38,142549.75,782.03,-400.26,1939.87,-1276.84,BOMBAY
138958.82,2784.66,-340.67,-248.8,-149.81,-970.14,139286.27,82.58,395.53,-467.23,-1194.97,BOMBAY
140273.04,4594.05,2523.47,-1158.12,-2473.23,-2115.72,138864.88,86.13,-421.52,1360.69,-3586.43,BOMBAY
132952.8,12.43,608.28,1165.46,-475.34,423.88,134789.89,-339.48,993.99,1268.74,-408.05,BOMBAY
138943.77,624.56,1108.6,169.9,-3904.71,727.94,139498.34,2003.22,1359.51,-1474.66,-1591.13,BOMBAY
136201.13,-1472.87,5426.74,-184.25,7788.79,1638.03,139447.49,-12713.92,3945.61,2663.02,-1488.03,BOMBAY
124844.76,2923.23,1403.26,105.47,1311.16,1040.6,127611.85,109.66,-441.41,-1513.14,-793.84,BOMBAY
137001.34,932.23,9343.35,-7776.9,-2727.96,-1231.31,137336.72,-2892.7,462.83,5808.3,-1198.71,BOMBAY
138615.74,949.02,611.92,1009.68,1273.13,809.12,143481.55,51.47,1332.86,-120.62,-1254.37,BOMBAY
128233.7,936.63,438.25,942.72,-83.25,833.69,128566.94,787.52,112.09,994.11,-702.03,BOMBAY
144412.32,335.32,302.65,1037.38,1903.57,-1502.97,146388.65,-48.41,880.11,65.77,-1861.35,BOMBAY
142683.28,2021.92,4297.08,-2650.35,1453.13,-1023.68,139975.89,-941.03,-559.78,-2062.51,-84.49,BOMBAY
147808.73,-4104.0,-4431.9,-4819.88,269.19,3788.42,155219.8,518.91,4543.46,-3808.83,-4427.0,BOMBAY
138569.99,1139.8,838.56,-168.63,-525.01,999.52,139696.98,-1759.22,1189.1,-800.3,-1977.67,BOMBAY
139032.53,1877.72,-151.74,1095.63,496.77,1000.48,143543.6,132.42,-1015.9,-1345.88,-593.3,BOMBAY
143576.5,34.24,-4909.52,-931.22,-1387.11,-295.69,141428.55,-3749.92,-5058.43,-57.94,-3539.82,BOMBAY
136067.26,1281.95,2818.87,2938.73,-173.19,-715.33,135268.29,5361.43,2198.16,1037.4,-141.95,BOMBAY
135523.36,2751.62,707.42,-361.99,3797.52,542.05,143304.89,-3760.57,3457.87,806.95,-5489.71,BOMBAY
141947.34,2616.46,4.2,2180.24,958.13,-1631.04,143441.32,1370.48,1114.37,2509.67,-2035.15,BOMBAY
130440.41,2445.02,-2453.49,843.54,-2584.59,2061.97,132465.09,903.95,363.93,-30.86,121.24,BOMBAY
141242.05,2389.74,1583.29,1195.04,-498.6,-1131.21,138044.73,904.64,-112.79,708.64,1497.25,BOMBAY
118511.7,60370.74,19311.86,56253.35,55552.33,-62362.4,192207.19,-67526.78,53596.3,-30935.35,-12068.75,BOMBAY
139325.22,1538.09,2995.27,-1939.45,-350.39,-174.25,133688.3,1413.15,-986.97,800.54,-1360.92,BOMBAY
141520.32,1435.75,1714.39,2309.25,-3188.87,-352.25,140772.19,-668.73,648.46,-2382.64,-2339.0,BOMBAY
134045.41,3922.93,1321.36,108.9,-3631.74,-3757.08,130542.31,-1068.98,4720.8,3109.01,672.22,BOMBAY
143765.75,1133.47,467.96,-382.39,-1156.07,921.93,146835.92,-249.97,913.05,202.11,-60.41,BOMBAY
135658.4,1426.35,792.32,-796.16,973.0,4355.96,135814.24,-1383.1,-122.62,1005.68,421.36,BOMBAY
138335.67,-735.15,406.87,-1101.66,1335.52,-2277.3,142388.03,1180.51,-931.21,-832.6,-1011.84,BOMBAY
129360.0,1736.57,-1042.89,1722.84,-2764.1,-5133.33,127802.92,937.16,-1051.09,1960.06,1175.57,BOMBAY
128554.21,5090.41,5036.0,3243.71,1321.51,397.39,133859.27,-3010.75,-2702.68,-1669.06,418.84,BOMBAY
141113.56,-6989.67,1681.14,-6125.1,1824.37,3700.87,141760.51,-1772.07,-1967.27,978.97,-7449.9,BOMBAY
148260.39,-11309.79,-2441.75,996.08,8613.12,7841.91,152969.39,-7220.4,-637.44,-5460.96,-3061.42,BOMBAY
135502.55,4622.7,-3167.41,1357.53,2800.05,582.59,133644.44,-1916.39,-2810.94,-1410.27,-805.72,BOMBAY
138198.24,845.66,816.24,-501.02,2204.13,723.82,143640.92,1317.86,-490.34,225.55,-1263.33,BOMBAY
129573.7,4182.53,1345.38,137.57,47.49,-249.6,131163.62,565.92,-234.91,1073.14,-1136.63,BOMBAY
130721.65,3418.09,67.11,3263.68,-1333.36,2695.38,133827.29,182.07,-845.73,1064.06,1074.52,BOMBAY
131450.49,-407.9,-1207.0,-870.09,-1566.49,3446.06,131232.61,1852.64,-1362.09,-436.79,-886.51,BOMBAY
132950.86,3485.9,3245.02,-4972.98,-2442.05,-2975.54,138412.72,4508.52,-3743.38,4642.41,-2634.39,BOMBAY
148760.71,1055.05,1011.74,-225.17,-652.35,1914.69,145284.17,3700.11,385.84,1042.4,1561.55,BOMBAY
134960.48,48.72,-511.13,-1111.65,604.61,2397.9,136026.34,399.29,-244.66,-135.59,568.22,BOMBAY
140142.69,58.3,1211.59,-1437.59,-0.76,1267.55,140691.29,-862.94,708.58,-439.21,-1678.03,BOMBAY
137534.65,3512.06,743.93,1883.85,-520.71,-377.05,143472.19,-1563.51,208.71,-3635.46,-951.11,BOMBAY
132388.55,2141.75,-1330.4,798.76,-171.48,-2660.1,132225.47,1408.13,440.87,974.07,-586.68,BOMBAY
142237.91,2954.76,545.09,2419.85,63.13,951.2,142822.01,692.56,1238.14,1252.8,81.15,BOMBAY
123415.17,-398.13,-4997.57,2751.18,-2823.8,1885.33,131735.46,8240.87,5325.39,991.1,764.92,BOMBAY
115456.7,1451.82,426.82,-343.68,-519.77,-971.42,119573.4,808.11,-1319.71,-2602.65,-737.02,BOMBAY
140893.8,2431.86,429.06,1046.9,221.2,-252.05,142956.81,112.16,-830.54,705.8,610.23,BOMBAY
140212.56,986.71,248.66,1206.21,73.79,2386.36,139992.23,1236.4,-413.68,252.43,-909.4,BOMBAY
134053.63,-1969.69,2277.39,-3598.73,4629.34,2854.86,142552.77,1788.72,-884.25,4256.08,-1245.58,BOMBAY
132646.4,794.45,-1724.12,-242.29,374.44,-1231.44,134184.17,4019.65,727.83,-633.92,1645.45,BOMBAY
136963.35,367.58,484.64,-419.05,-747.33,-81.27,136902.28,-1676.8,224.31,210.94,25.48,BOMBAY
143574.92,3856.88,-997.88,-2732.73,-1625.69,4240.58,142423.61,947.4,1029.68,2115.85,2039.43,BOMBAY
141023.86,-1911.64,1895.73,-1384.95,-7.27,-2797.98,145254.35,-297.08,530.09,535.47,-640.17,BOMBAY
141635.76,-2245.56,708.65,-273.1,-574.4,1015.15,139586.93,1067.46,467.41,-1196.76,-1051.98,BOMBAY
126725.85,5.13,4.86,563.47,987.61,-1658.18,128714.0,2063.98,-1355.61,-968.1,1493.93,BOMBAY
141935.42,-51.48,1431.79,5819.71,-4222.49,179.44,140700.38,1262.71,4732.75,1921.67,-1667.21,BOMBAY
57329.07,4366.87,-69864.26,7124.38,7492.59,-35868.89,98363.14,-8197.14,-21744.3,27089.52,14170.52,BOMBAY
136757.13,-307.52,-1345.28,-3931.51,988.0,11192.55,136368.3,-2931.8,-2399.69,-4920.35,-4752.42,BOMBAY
138200.13,1183.19,366.12,-326.72,-1370.45,488.25,137565.11,-386.11,-14.74,433.59,509.79,BOMBAY
140146.28,2147.38,-1877.06,-2919.83,-543.89,-1527.33,142799.46,-2358.27,-2203.63,-656.04,815.66,BOMBAY
134519.73,-3.07,1670.54,216.09,2007.07,-1372.17,136304.3,-451.83,1527.05,-1016.96,-106.47,BOMBAY
143045.14,-4271.83,-3532.12,-834.16,-1930.98,2966.36,139989.48,-823.54,-1021.12,-4733.78,-492.18,BOMBAY
136384.33,1712.1,-1185.35,-79.56,-895.06,-1137.22,137619.92,1134.93,-365.84,-10.36,-186.48,BOMBAY
145269.69,-596.58,1997.07,-469.93,-1696.9,-1449.94,145412.96,-353.15,2032.3,-1925.28,-1282.98,BOMBAY
137769.46,505.99,1994.23,-1200.76,2073.33,556.36,138416.51,-1800.59,2654.37,-1140.19,-1211.22,BOMBAY
133500.2,1398.74,929.06,767.94,-657.28,-299.95,133128.2,914.41,-112.21,28.46,-657.39,BOMBAY
142345.6,-5273.31,-842.92,866.74,-1998.11,-1988.25,139673.85,-1679.65,-3367.33,1763.99,-7.23,BOMBAY
120729.69,-29761.26,5638.88,-9202.58,20606.54,44240.25,170536.55,-58357.72,-18458.96,-59486.6,4718.03,BOMBAY
137630.24,1934.94,843.33,-372.12,-734.5,262.35,141905.04,-906.72,-613.69,367.11,-371.79,BOMBAY
131217.18,258.7,801.54,321.27,-76.36,-107.16,133052.26,196.34,-1144.4,641.15,-702.32,BOMBAY
137188.31,-56.2,-848.62,-2487.02,-3658.08,978.03,136998.45,-2670.56,-1330.99,-941.14,1695.22,BOMBAY
136344.14,2152.42,1613.97,-2487.37,-1773.96,-2522.49,136709.73,709.67,-365.17,1398.33,-80.8,BOMBAY
138804.18,1991.59,-1888.44,-913.83,908.73,-1085.72,139676.82,776.17,-193.21,1561.34,-569.63,BOMBAY
141715.51,1895.85,626.49,1676.49,-1326.43,-1456.32,142642.25,1167.66,-79.82,-1241.37,-467.31,BOMBAY
133312.94,1251.08,-594.6,-2397.59,2246.55,-181.09,142417.34,4114.7,2124.48,1360.08,-3307.42,BOMBAY
142920.68,-1114.87,-632.16,3204.19,1436.15,-1741.92,145101.79,-1178.13,3372.16,486.46,-419.23,BOMBAY
143444.19,1938.01,1100.7,580.54,-1955.42,50.51,143279.68,740.48,-426.73,-52.13,-347.09,BOMBAY
143446.95,2261.25,1825.86,-172.38,260.65,-2668.41,144309.87,-304.64,673.11,-2301.89,853.53,BOMBAY
133862.77,-1356.81,-250.79,1650.63,-3284.69,-4058.22,146344.5,-1795.09,23.92,616.46,-1000.16,BOMBAY
131013.24,-398.97,-176.5,-395.02,-624.99,2806.68,131800.86,1586.04,2412.39,92.46,-1421.76,BOMBAY
144141.86,4596.82,431.26,117.84,3247.69,2130.9,141152.92,-2231.41,-1450.64,3155.82,-771.03,BOMBAY
143789.17,1686.47,-646.15,2975.25,318.51,-1323.11,140912.84,5106.88,-1512.54,-2451.67,-1862.49,BOMBAY
135049.38,1094.12,569.55,-810.68,235.37,3576.45,135327.86,-2528.06,1221.54,-392.28,-1599.27,BOMBAY
137009.6,1442.91,445.43,187.42,-601.74,-491.64,140221.54,1815.24,608.24,-510.16,-981.3,BOMBAY
137968.51,2027.28,408.68,9.34,-262.64,253.84,139883.22,227.51,-106.67,1028.94,-596.12,BOMBAY
144593.91,-5504.13,7830.57,1910.26,-2950.3,-2560.23,145244.34,4276.95,2642.56,-13764.34,3059.33,BOMBAY
139638.17,-3127.86,691.7,315.19,-9790.51,5514.31,130995.57,-2165.1,2236.88,4246.82,4327.4,BOMBAY
129879.24,378.89,1451.97,1239.71,587.76,-9.19,128508.83,-679.68,-720.43,2733.18,412.35,BOMBAY
136575.65,1698.17,1641.58,782.4,456.98,908.48,136673.16,333.06,1915.75,-291.9,1977.21,BOMBAY
125094.21,1876.51,1418.28,988.31,266.25,1282.95,130030.44,3617.61,-73.11,6202.35,-489.5,BOMBAY
142245.12,2376.01,473.5,1331.31,-429.07,26.58,142368.34,1114.18,1132.88,-1648.35,799.08,BOMBAY
139566.92,3893.68,737.04,-187.68,-2252.65,-3549.54,134809.24,3385.07,614.76,-131.24,-1992.08,BOMBAY
140763.35,-1226.11,-2428.41,-751.67,-74.62,1317.49,141430.08,2455.23,-74.3,288.27,148.89,BOMBAY
141878.57,1164.89,987.36,-675.94,-349.3,-825.81,142111.94,889.2,-650.35,229.78,-259.79,BOMBAY
139831.3,-7082.52,-1958.75,-1424.46,365.52,-2031.11,139876.29,4782.06,2296.74,535.79,-866.05,BOMBAY
141495.75,-373.51,2206.88,4254.47,-711.61,-1738.21,149008.54,-2154.56,523.85,-2866.0,-3777.01,BOMBAY
130670.16,1529.32,1678.51,-594.26,2299.53,2107.7,133290.49,2977.94,1247.76,-947.53,-2336.87,BOMBAY
117816.4,1532.85,572.95,1174.3,2733.21,80.09,117256.24,-1202.82,-478.48,283.4,463.93,BOMBAY
143410.28,2193.53,-281.04,-57.05,-1447.35,-526.74,144840.94,341.58,458.37,-174.99,-581.12,BOMBAY
146002.57,-249.53,1797.91,-1995.31,4499.23,-21.26,149715.66,3807.46,2909.05,5245.0,6074.73,BOMBAY
131320.89,1617.24,911.55,1374.24,-230.21,-1355.05,134878.09,951.44,1061.47,-2428.38,-81.76,BOMBAY
133240.71,-3696.73,-839.44,-898.35,3015.61,-4421.57,135000.84,952.81,-5334.76,1003.29,-1652.06,BOMBAY
80310.35,-18968.95,-16692.81,-22072.92,8764.69,-34755.53,143910.86,-58351.98,-6408.0,28699.99,1792.98,BOMBAY
142145.85,1051.97,1537.04,2734.93,215.02,823.04,142765.01,-387.95,1255.95,445.25,-395.62,BOMBAY
143802.83,805.8,481.55,-4141.26,2919.02,-1406.33,144728.69,494.2,549.34,-5434.42,-1919.27,BOMBAY
139414.54,-2894.9,-2256.54,-120.15,2258.3,468.84,142833.6,-4241.93,126.76,1336.6,2535.39,BOMBAY
133533.07,2078.36,5260.87,1503.52,-27.0,2662.44,137947.67,946.12,1412.15,-1320.33,-3093.41,BOMBAY
139568.92,-2638.32,1411.65,3251.29,5434.09,-212.93,150250.43,-2527.14,1231.1,3899.63,-1172.46,BOMBAY
138790.82,3754.15,1180.97,-201.14,-8.38,876.49,139022.84,307.62,-32.57,181.54,-3093.95,BOMBAY
137902.94,-541.32,4256.71,-736.87,-2126.24,-977.06,138045.43,3359.52,-1213.7,1425.12,54.53,BOMBAY
144700.99,3679.26,3324.21,1322.13,-1265.16,2115.83,142369.83,2204.65,1560.19,1355.18,-1427.75,BOMBAY
142061.35,2674.36,-965.0,978.82,-1138.27,-1569.1,144887.79,1854.78,3451.25,1032.54,843.67,BOMBAY
142315.04,2065.89,-121.81,1865.75,-17.43,393.39,144092.31,-138.66,1412.03,-321.66,-1247.34,BOMBAY
137922.16,-444.09,-1492.48,-2485.03,4649.6,2644.98,139057.67,-2496.65,-2192.1,1148.76,3483.74,BOMBAY
133432.63,1262.82,-114.8,-1003.37,3208.99,-2431.17,133732.96,-248.31,-506.82,251.55,879.86,BOMBAY
138255.11,-4039.58,4207.79,8778.24,5239.31,7009.11,144059.32,-2348.95,4205.45,869.78,-3580.1,BOMBAY
113180.23,2289.91,1554.53,1930.54,979.88,343.98,115230.68,-2046.34,682.54,-1422.85,-1771.17,BOMBAY
139548.05,-3378.87,-5695.92,-404.7,5045.28,3364.37,141980.57,-2116.8,6204.81,1581.26,-302.44,BOMBAY
141281.03,394.36,-474.59,218.28,767.09,685.05,143492.06,33.04,588.95,1104.42,-1560.87,BOMBAY
142801.79,1319.17,-1576.25,-272.97,3.17,920.69,146170.77,895.11,167.45,-1854.85,38.0,BOMBAY
136936.25,3391.12,118.32,546.4,-1788.62,-247.78,138838.99,466.57,1018.41,450.57,-2360.29,BOMBAY
138086.99,-3010.85,-920.48,14319.16,2565.11,2663.34,146045.03,-7463.98,-1852.54,2905.6,4451.44,BOMBAY
142563.21,-1891.72,4490.13,4769.25,-1131.2,378.9,139124.13,599.24,2725.51,3613.18,3270.84,BOMBAY
142300.66,-595.02,1614.03,1805.37,-1050.12,-2027.37,149907.57,-3504.48,5431.69,2628.23,37.94,BOMBAY
141855.81,-1913.28,1825.91,-1050.58,-1607.32,-706.6,144884.67,-962.75,-385.93,4639.56,-1671.28,BOMBAY
139369.16,3133.12,-1924.79,-110.93,1379.29,510.22,143979.37,-1132.37,-1901.69,264.45,-531.64,BOMBAY
141885.79,1357.42,640.67,619.92,1112.31,-683.76,144780.15,1059.25,-1210.53,-2549.37,-1182.13,BOMBAY
132969.07,-1656.4,-850.51,-1419.89,-147.24,4897.14,133357.46,1827.4,-3270.16,1353.06,1098.74,BOMBAY
137061.88,2574.54,2475.14,397.42,2392.14,-1269.52,139537.94,593.0,1939.03,1429.27,-1683.34,BOMBAY
132062.23,3626.69,4289.22,5460.39,-9017.36,399.89,133772.19,5173.02,-8755.12,-6110.36,-5288.6,BOMBAY
141087.82,-493.06,2096.22,-411.38,234.31,-1266.03,142000.43,-577.94,-217.23,2283.5,534.52,BOMBAY
123651.09,7173.28,2743.1,-3270.43,-1739.13,-390.1,128973.52,-1619.1,4089.91,14994.31,-1050.28,BOMBAY
141933.65,-1058.16,2667.38,1385.31,1010.38,-972.34,143177.64,-1194.07,20.98,-2030.85,3570.14,BOMBAY
144436.07,2817.78,1879.87,308.89,446.17,-1293.83,142290.88,100.81,878.05,889.54,428.11,BOMBAY
141134.56,-1161.81,292.74,240.63,-546.14,2444.19,145105.86,2726.66,-252.35,-1253.16,2546.53,BOMBAY
135440.84,193.09,-132.12,-1499.41,-16.61,599.42,134568.63,210.56,1490.42,456.72,1762.8,BOMBAY
138707.64,4457.59,-659.72,6793.73,-5012.81,-3542.52,139109.26,5632.5,13272.85,-645.98,-3523.01,BOMBAY
137686.11,190.2,9260.22,-4257.77,-4177.81,658.7,136356.64,3044.98,-2971.25,5969.78,945.15,BOMBAY
130111.63,1834.78,-2980.51,-1113.94,3031.16,-557.71,130529.5,-1539.89,-3616.78,-751.33,-728.99,BOMBAY
133049.4,1446.52,-805.77,2963.91,2666.66,-853.3,137716.3,2231.53,-474.4,-880.06,-1988.25,BOMBAY
141633.13,256.18,3136.74,-159.78,-3558.56,1972.93,146580.11,103.1,-1532.98,1469.07,-2472.14,BOMBAY
135951.31,1909.64,-4207.51,831.75,-567.31,-2352.54,143211.17,-558.48,1007.85,1361.71,79.34,BOMBAY
139451.59,559.59,3432.05,-2809.66,-4220.39,2540.06,145122.48,4565.98,-3034.45,-960.46,1736.19,BOMBAY
148480.24,-97228.54,-29404.49,24412.33,-11375.27,-3108.83,105949.41,27275.93,-63306.82,31703.83,-31373.58,BOMBAY
119444.81,-3219.36,-8487.61,8834.29,-1760.96,-1717.02,117327.97,4669.96,7848.65,-3070.14,-8230.5,BOMBAY
142334.64,2098.44,1315.55,2075.56,667.2,-16.43,144292.01,1348.36,-930.51,530.5,210.93,BOMBAY
115249.43,-860.66,904.94,1921.14,1904.86,5364.39,114712.1,-137.87,-1932.52,-1048.72,2143.94,BOMBAY
131117.43,2303.27,-905.91,446.9,301.99,-996.26,133972.56,2066.58,-1110.94,630.77,4058.13,BOMBAY
138487.84,6052.51,8.71,7346.89,-2321.19,-882.82,136488.06,-5525.73,3560.38,-1763.54,1900.2,BOMBAY
132604.5,930.14,382.86,1490.76,1397.16,1050.65,133843.29,992.21,-1283.84,-2202.91,-820.07,BOMBAY
107440.52,2743.17,3803.47,-3699.51,176.36,-2358.34,111718.88,1319.33,6429.84,-7127.75,2046.34,BOMBAY
137976.71,1244.49,1286.02,1047.06,846.41,2171.15,138923.03,3051.09,793.02,2185.96,8.45,BOMBAY
134750.18,-1347.97,-1357.15,2359.18,978.24,-1013.01,135143.92,-446.69,-3106.68,3221.55,650.66,BOMBAY
138542.43,1582.61,-58.12,159.64,-1474.92,-116.87,140125.73,-530.01,-69.3,-477.4,89.32,BOMBAY
142671.33,2870.6,652.29,2271.12,3028.72,-1543.73,143333.52,670.7,921.25,2247.54,-562.9,BOMBAY
135928.39,-212.36,-1362.55,2277.26,-1398.89,1168.22,134673.94,1824.66,-327.81,-924.62,2678.12,BOMBAY
129440.1,728.07,-1929.53,1816.71,2589.16,-1354.67,131178.41,358.31,1854.77,1401.17,546.06,BOMBAY
145412.51,3385.56,-1259.12,175.67,14.76,-2304.84,148062.5,-1176.37,1666.27,-3379.03,2408.51,BOMBAY
127823.15,-5853.97,4394.92,-12957.77,-8420.78,-9115.07,138009.26,-6064.85,-1441.45,-5481.15,3847.46,BOMBAY
142128.18,4998.69,1173.71,-279.22,-4014.03,3046.39,143740.47,-1872.25,124.19,1595.4,-4735.1,BOMBAY
138853.16,1416.63,1903.48,-4335.85,-5644.22,-4201.71,133284.71,3162.61,-3946.55,-5283.03,-370.51,BOMBAY
135034.76,436.35,5613.08,-1531.5,2582.75,1119.07,145965.92,-1278.98,497.26,6311.98,1048.57,BOMBAY
