Feature_1,Feature_2,Feature_3,Feature_4,Feature_5,Feature_6,Feature_7,Feature_8,Feature_9,Feature_10,Feature_11,Class
0.8003,0.0,0.2073,0.0,0.0,0.3391,0.2476,0.0,0.2789,0.0,0.1496,SEKER
1.3503,0.0,0.0189,0.0,0.0,0.2766,0.7913,0.0,0.0696,0.0,0.0777,SEKER
4.5431,0.0,0.117,0.0,0.0,0.1208,4.0273,0.0,0.0,0.0,0.0,SEKER
3.4074,0.0,0.1154,0.0,0.0,0.2011,2.8565,0.0,0.0407,0.0,0.0,SEKER
2.2413,0.0,0.2287,0.0,0.0,0.2566,1.6767,0.0,0.2373,0.0,0.0,SEKER
1.1545,0.0,0.2294,0.0,0.0,0.3152,0.6067,0.0,0.3191,0.0,0.0922,SEKER
1.0308,0.0,0.0,0.0,0.0,0.3033,0.4788,0.0,0.0079,0.002,0.0778,SEKER
2.505,0.0,0.3498,0.0,0.0,0.3294,1.8939,0.0,0.3853,0.0,0.0,SEKER
3.8816,0.0,0.1828,0.0,0.0,0.1051,3.342,0.0,0.0323,0.0,0.0,SEKER
2.3134,0.0,0.2095,0.0,0.0,0.261,1.7443,0.0,0.214,0.0,0.0,SEKER
3.3473,0.0,0.0769,0.0,0.0,0.1397,2.8162,0.0,0.0,0.0,0.0,SEKER
4.4231,0.0,0.2056,0.0,0.0,0.0489,3.9035,0.0,0.0,0.0,0.0,SEKER
4.0148,0.0,0.106,0.0,0.0,0.1575,3.4776,0.0,0.0,0.0,0.0,SEKER
2.0586,0.0,0.1849,0.0,0.0,0.2219,1.5036,0.0,0.1782,0.0,0.0289,SEKER
2.4088,0.0,0.3152,0.0,0.0,0.2251,1.8347,0.0,0.3086,0.0,0.0,SEKER
1.5349,0.0,0.0,0.0,0.0,0.2477,1.0512,0.0,0.0,0.0,0.0355,SEKER
3.362,0.0,0.1719,0.0,0.0,0.1843,2.8041,0.0,0.0874,0.0,0.0,SEKER
3.5303,0.0,0.2023,0.0,0.0,0.165,2.9684,0.0,0.1032,0.0,0.0,SEKER
0.8448,0.0,0.1559,0.0,0.0,0.2698,0.3175,0.0,0.1943,0.0,0.1514,SEKER
2.0703,0.0,0.1722,0.0,0.0,0.2975,1.5168,0.0,0.2046,0.0,0.0,SEKER
0.6926,0.0,0.1772,0.0,0.0,0.348,0.1618,0.0,0.2488,0.0047,0.151,SEKER
1.6927,0.0,0.0,0.0,0.0,0.2072,1.1737,0.0,0.0,0.0,0.0575,SEKER
1.4369,0.0,0.2983,0.0,0.0,0.2937,0.8535,0.0,0.3796,0.0147,0.0574,SEKER
1.036,0.0,0.0,0.0,0.0,0.2264,0.548,0.0,0.0,0.0,0.0786,SEKER
1.7894,0.0,0.0,0.0,0.0,0.2088,1.2651,0.0,0.0,0.0,0.0525,SEKER
3.4768,0.0,0.1797,0.0,0.0,0.1801,2.924,0.0,0.0858,0.0,0.0,SEKER
2.2588,0.0,0.1012,0.0,0.0,0.2363,1.6973,0.0,0.0856,0.0,0.0,SEKER
1.266,0.0,0.253,0.0,0.0,0.2944,0.6955,0.0,0.3235,0.0,0.0897,SEKER
1.6061,0.0,0.335,0.0,0.0,0.2763,1.0322,0.0,0.3935,0.0,0.0519,SEKER
0.7859,0.0,0.2724,0.0,0.0,0.3958,0.2376,0.0,0.3526,0.0295,0.1434,SEKER
3.703,0.0,0.2122,0.0,0.0,0.134,3.1398,0.0,0.0914,0.0,0.0,SEKER
0.9639,0.0,0.1536,0.0,0.0,0.3371,0.4246,0.0,0.2629,0.0019,0.0976,SEKER
3.1027,0.0,0.1146,0.0,0.0,0.0593,2.5875,0.0,0.0,0.0,0.0,SEKER
2.1132,0.0,0.2286,0.0,0.0,0.2628,1.5528,0.0,0.2441,0.0,0.0051,SEKER
2.0933,0.0,0.0626,0.0,0.0,0.1493,1.549,0.0,0.0053,0.0,0.0565,SEKER
3.8953,0.0,0.1518,0.0,0.0,0.0977,3.3665,0.0,0.0,0.0,0.0,SEKER
2.0939,0.0,0.2792,0.0,0.0,0.1872,1.547,0.0,0.2621,0.0,0.0385,SEKER
4.9765,0.0,0.1452,0.0,0.0,0.1308,4.439,0.0,0.0,0.0,0.0,SEKER
1.383,0.0,0.0326,0.0,0.0,0.2636,0.8485,0.0,0.0902,0.0,0.0661,SEKER
2.0514,0.0,0.2754,0.0,0.0,0.3044,1.47,0.0,0.3181,0.0,0.0,SEKER
1.3422,0.0,0.1031,0.0,0.0,0.295,0.7974,0.0,0.1642,0.0,0.0781,SEKER
1.5976,0.0,0.1283,0.0,0.0,0.2263,1.0347,0.0,0.1442,0.0,0.077,SEKER
1.8444,0.0,0.1039,0.0,0.0,0.2751,1.2843,0.0,0.1255,0.0,0.0336,SEKER
1.3842,0.0,0.2829,0.0,0.0,0.3541,0.797,0.0,0.3811,0.0,0.0488,SEKER
3.0232,0.0,0.0397,0.0,0.0,0.1588,2.4912,0.0,0.0,0.0,0.0,SEKER
3.7773,0.0,0.161,0.0,0.0,0.1309,3.2356,0.0,0.0281,0.0,0.0,SEKER
2.8104,0.0,0.1576,0.0,0.0,0.2156,2.2495,0.0,0.1128,0.0,0.0,SEKER
1.9268,0.0,0.3753,0.0,0.0,0.3488,1.3215,0.0,0.4515,0.0,0.0,SEKER
1.3954,0.0,0.2103,0.0,0.0,0.3428,0.8158,0.0,0.2961,0.0,0.0546,SEKER
3.7866,0.0,0.1709,0.0,0.0,0.1475,3.234,0.0,0.0481,0.0,0.0,SEKER
4.5162,0.0,0.204,0.0,0.0,0.129,3.9487,0.0,0.0334,0.0,0.0,SEKER
2.4803,0.0,0.1122,0.0,0.0,0.2485,1.9199,0.0,0.094,0.0,0.0,SEKER
4.8481,0.0,0.2097,0.0,0.0,0.1219,4.2787,0.0,0.0166,0.0,0.0,SEKER
4.0792,0.0,0.1193,0.0,0.0,0.1395,3.5533,0.0,0.0,0.0,0.0,SEKER
3.3594,0.0,0.1386,0.0,0.0,0.1563,2.8097,0.0,0.0341,0.0,0.0,SEKER
1.9323,0.0,0.2017,0.0,0.0,0.2795,1.3632,0.0,0.2326,0.0,0.0173,SEKER
1.8038,0.0,0.2806,0.0,0.0,0.2864,1.2291,0.0,0.3283,0.0,0.0267,SEKER
3.0895,0.0,0.1453,0.0,0.0,0.2015,2.5354,0.0,0.079,0.0,0.0,SEKER
5.0167,0.0,0.1361,0.0,0.0,0.1046,4.5002,0.0,0.0,0.0,0.0,SEKER
1.4237,0.0,0.2587,0.0,0.0,0.2637,0.8551,0.0,0.3161,0.0,0.0782,SEKER
3.0462,0.0,0.1822,0.0,0.0,0.0785,2.5104,0.0,0.0573,0.0,0.0,SEKER
0.4154,0.0,0.0,0.0,0.0,0.3367,0.0,0.0,0.0,0.0,0.1945,SEKER
1.7894,0.0,0.2181,0.0,0.0,0.319,1.2147,0.0,0.2752,0.0,0.0172,SEKER
3.8308,0.0,0.2847,0.0,0.0,0.1785,3.2361,0.0,0.1791,0.0,0.0,SEKER
3.2681,0.0,0.319,0.0,0.0,0.2643,2.6578,0.0,0.2838,0.0,0.0,SEKER
2.4707,0.0,0.2366,0.0,0.0,0.2275,1.9078,0.0,0.2208,0.0,0.0,SEKER
1.4322,0.0,0.3325,0.0,0.0,0.337,0.8496,0.0,0.4234,0.0,0.0507,SEKER
2.581,0.0,0.1553,0.0,0.0,0.234,2.0186,0.0,0.1296,0.0,0.0,SEKER
6.3496,0.0,0.0893,0.0,0.0,0.0,5.9047,0.0,0.0,0.0,0.0,SEKER
1.8707,0.0,0.0,0.0,0.0,0.1626,1.407,0.0,0.0,0.0,0.0424,SEKER
4.1928,0.0,0.101,0.0,0.0,0.151,3.6696,0.0,0.0,0.0,0.0,SEKER
1.4767,0.0,0.2988,0.0,0.0,0.3181,0.8967,0.0,0.3792,0.0,0.0513,SEKER
2.0116,0.0,0.2199,0.0,0.0,0.2473,1.4538,0.0,0.2314,0.0,0.0236,SEKER
2.3187,0.0,0.042,0.0,0.0,0.2365,1.7548,0.0,0.0185,0.0,0.0,SEKER
1.9147,0.0,0.2127,0.0,0.0,0.2233,1.3575,0.0,0.218,0.0,0.0429,SEKER
1.2097,0.0,0.0,0.0,0.0,0.2199,0.6837,0.0,0.0512,0.0078,0.0598,SEKER
2.4521,0.0,0.1329,0.0,0.0,0.2532,1.8903,0.0,0.1202,0.0,0.0,SEKER
0.6581,0.0,0.0,0.0,0.0,0.3717,0.2112,0.0,0.0,0.0,0.0704,SEKER
1.3456,0.0,0.3044,0.0,0.0,0.3068,0.7674,0.0,0.3856,0.0,0.0711,SEKER
0.6413,0.0,0.1989,0.0,0.0,0.3191,0.1621,0.0,0.187,0.0,0.2227,SEKER
1.6489,0.0,0.2599,0.0,0.0,0.3044,1.0758,0.0,0.3211,0.0,0.0394,SEKER
4.1787,0.0,0.0992,0.0,0.0,0.1578,3.6505,0.0,0.0,0.0,0.0,SEKER
2.1931,0.0,0.1374,0.0,0.0,0.2719,1.6228,0.0,0.1489,0.0,0.0,SEKER
1.5937,0.0,0.3285,0.0,0.0,0.2119,1.0458,0.0,0.3445,0.0,0.09,SEKER
3.8753,0.0,0.133,0.0,0.0,0.091,3.3588,0.0,0.0,0.0,0.0,SEKER
2.317,0.0,0.0973,0.0,0.0,0.2561,1.7523,0.0,0.0885,0.0,0.0,SEKER
1.172,0.0,0.1751,0.0,0.0,0.3367,0.6401,0.0,0.2699,0.0,0.0804,SEKER
2.263,0.0,0.3266,0.0,0.0,0.3131,1.6697,0.0,0.3666,0.0,0.0,SEKER
1.4559,0.0,0.1981,0.0,0.0,0.345,0.9005,0.0,0.2865,0.0,0.0394,SEKER
2.0398,0.0,0.1453,0.0,0.0,0.2163,1.5677,0.0,0.1534,0.0,0.0153,SEKER
2.1322,0.0,0.0705,0.0,0.0,0.2042,1.5671,0.0,0.0466,0.0,0.0224,SEKER
1.4106,0.0,0.1166,0.0,0.0,0.2397,0.8564,0.0,0.1463,0.0,0.094,SEKER
0.2597,0.0,0.0,0.0,0.065,0.3401,0.0,0.1614,0.0,0.0,0.2832,SEKER
1.9248,0.0,0.2083,0.0,0.0,0.307,1.3488,0.0,0.252,0.0,0.007,SEKER
3.3833,0.0,0.1297,0.0,0.0,0.1601,2.8321,0.0,0.027,0.0,0.0,SEKER
1.2877,0.0,0.0806,0.0,0.0,0.2324,0.7338,0.0,0.1206,0.0,0.0998,SEKER
1.6029,0.0,0.1277,0.0,0.0,0.2599,1.0337,0.0,0.1608,0.0,0.0618,SEKER
3.1406,0.0,0.1814,0.0,0.0,0.1815,2.5824,0.0,0.1077,0.0,0.0,SEKER
2.3834,0.0,0.2118,0.0,0.0,0.2893,1.8152,0.0,0.2274,0.0,0.0,SEKER
1.3485,0.0,0.1869,0.0,0.0,0.3282,0.823,0.0,0.2666,0.0,0.0691,SEKER
2.0109,0.0,0.0535,0.0,0.0,0.2536,1.4425,0.0,0.0558,0.0,0.0191,SEKER
1.77,0.0,0.1611,0.0,0.0,0.2999,1.2242,0.0,0.2104,0.0,0.0232,SEKER
1.7495,0.0,0.2382,0.0,0.0,0.2788,1.1699,0.0,0.2905,0.0,0.0295,SEKER
3.1464,0.0,0.1648,0.0,0.0,0.1884,2.5867,0.0,0.0926,0.0,0.0,SEKER
3.8465,0.0,0.1821,0.0,0.0,0.1631,3.2813,0.0,0.0641,0.0,0.0,SEKER
1.3739,0.0,0.2547,0.0,0.0,0.319,0.823,0.0,0.3334,0.0,0.0704,SEKER
3.8248,0.0,0.04,0.0,0.0,0.1575,3.3134,0.0,0.0,0.0,0.0,SEKER
4.4399,0.0,0.1174,0.0,0.0,0.1521,3.9066,0.0,0.0,0.0,0.0,SEKER
3.7868,0.0,0.224,0.0,0.0,0.1401,3.2172,0.0,0.1016,0.0,0.0,SEKER
3.112,0.0,0.0544,0.0,0.0,0.1864,2.5678,0.0,0.0,0.0,0.0,SEKER
1.0427,0.0,0.2328,0.0,0.0,0.3111,0.4834,0.0,0.294,0.0,0.1267,SEKER
0.7758,0.0,0.2598,0.0,0.0,0.3917,0.2237,0.0,0.3378,0.0214,0.1445,SEKER
3.3227,0.0,0.164,0.0,0.0,0.1023,2.7826,0.0,0.0373,0.0,0.0,SEKER
1.5841,0.0,0.2167,0.0,0.0,0.3415,1.003,0.0,0.2934,0.0,0.0324,SEKER
1.1209,0.0,0.0569,0.0,0.0,0.2872,0.5586,0.0,0.1342,0.0,0.0925,SEKER
1.9848,0.0,0.0591,0.0,0.0,0.1311,1.4645,0.0,0.0361,0.0,0.0335,SEKER
0.5889,0.0,0.0,0.0,0.0,0.3001,0.138,0.0,0.0,0.0792,0.0526,SEKER
1.3336,0.0,0.2538,0.0,0.0,0.3166,0.743,0.0,0.3406,0.0,0.0634,SEKER
1.8788,0.0,0.1021,0.0,0.0,0.2544,1.3165,0.0,0.1126,0.0,0.0368,SEKER
2.3134,0.0,0.1388,0.0,0.0,0.2606,1.7489,0.0,0.1364,0.0,0.0,SEKER
1.6386,0.0,0.1272,0.0,0.0,0.2345,1.0718,0.0,0.1467,0.0,0.0671,SEKER
1.976,0.0,0.307,0.0,0.0,0.3499,1.3972,0.0,0.3793,0.0,0.0,SEKER
1.1907,0.0,0.4058,0.0,0.0,0.466,0.5833,0.0,0.5394,0.0086,0.0382,SEKER
3.9991,0.0,0.1368,0.0,0.0,0.1557,3.4581,0.0,0.0037,0.0,0.0,SEKER
0.9969,0.0,0.2458,0.0,0.0,0.31,0.4453,0.0,0.2966,0.0,0.1415,SEKER
2.86,0.0,0.236,0.0,0.0,0.2035,2.2975,0.0,0.1909,0.0,0.0,SEKER
0.9308,0.0,0.0,0.0,0.0,0.3344,0.4252,0.0,0.0,0.0,0.0897,SEKER
3.9932,0.0,0.0823,0.0,0.0,0.1454,3.4796,0.0,0.0,0.0,0.0,SEKER
2.1153,0.0,0.1024,0.0,0.0,0.1724,1.5666,0.0,0.0598,0.0,0.044,SEKER
2.2351,0.0,0.2313,0.0,0.0,0.1811,1.6872,0.0,0.2001,0.0,0.0248,SEKER
0.2983,0.0,0.0851,0.0,0.0392,0.2977,0.0,0.2262,0.0654,0.042,0.2688,SEKER
0.993,0.0,0.0973,0.0,0.0,0.2516,0.4725,0.0,0.1796,0.0113,0.1076,SEKER
1.3971,0.0,0.027,0.0,0.0,0.2689,0.8317,0.0,0.0742,0.0,0.0735,SEKER
1.895,0.0,0.1595,0.0,0.0,0.1983,1.3443,0.0,0.1457,0.0,0.0585,SEKER
1.0138,0.0,0.0,0.0,0.0,0.274,0.4552,0.0,0.0582,0.0,0.0931,SEKER
1.8851,0.0,0.2311,0.0,0.0,0.2917,1.3117,0.0,0.273,0.0,0.0166,SEKER
1.982,0.0,0.1913,0.0,0.0,0.2579,1.4195,0.0,0.2083,0.0,0.0214,SEKER
0.758,0.0,0.0797,0.0,0.0,0.3349,0.183,0.0,0.1939,0.0231,0.1145,SEKER
2.12,0.0,0.1152,0.0,0.0,0.2535,1.5556,0.0,0.1165,0.0,0.0076,SEKER
2.283,0.0,0.1395,0.0,0.0,0.2707,1.7285,0.0,0.1458,0.0,0.0,SEKER
2.1545,0.0,0.1218,0.0,0.0,0.1903,1.5909,0.0,0.0959,0.0,0.0238,SEKER
2.3539,0.0,0.1883,0.0,0.0,0.2364,1.7919,0.0,0.1779,0.0,0.0,SEKER
3.0916,0.0,0.2896,0.0,0.0,0.1958,2.5218,0.0,0.2279,0.0,0.0,SEKER
1.4541,0.0,0.0,0.0,0.0,0.2767,0.9002,0.0,0.0,0.0,0.0586,SEKER
5.154,0.0,0.1795,0.0,0.0,0.0494,4.6442,0.0,0.0,0.0,0.0,SEKER
1.419,0.0,0.2468,0.0,0.0,0.3084,0.8517,0.0,0.317,0.0,0.068,SEKER
0.6118,0.0,0.0,0.0,0.0,0.3246,0.0444,0.0,0.098,0.0667,0.0936,SEKER
3.3193,0.0,0.0906,0.0,0.0,0.1818,2.7859,0.0,0.0039,0.0,0.0,SEKER
2.3974,0.0,0.2114,0.0,0.0,0.2178,1.8416,0.0,0.1902,0.0,0.0,SEKER
2.1444,0.0,0.2554,0.0,0.0,0.2261,1.5912,0.0,0.2529,0.0,0.0171,SEKER
1.9412,0.0,0.1648,0.0,0.0,0.2688,1.3758,0.0,0.1867,0.0,0.0217,SEKER
3.0198,0.0,0.1356,0.0,0.0,0.1634,2.4659,0.0,0.0526,0.0,0.0,SEKER
2.2346,0.0,0.1431,0.0,0.0,0.1901,1.6835,0.0,0.1079,0.0,0.0222,SEKER
1.3864,0.0,0.0,0.0,0.0,0.2367,0.9646,0.0,0.0,0.0,0.0185,SEKER
2.2062,0.0,0.1455,0.0,0.0,0.1868,1.6509,0.0,0.1132,0.0,0.0237,SEKER
3.9856,0.0,0.1876,0.0,0.0,0.1404,3.4258,0.0,0.0516,0.0,0.0,SEKER
1.954,0.0,0.0298,0.0,0.0,0.2334,1.4024,0.0,0.0242,0.0,0.0328,SEKER
1.1664,0.0,0.1037,0.0,0.0,0.257,0.6099,0.0,0.1665,0.0,0.1009,SEKER
1.9747,0.0,0.2003,0.0,0.0,0.3,1.4203,0.0,0.2351,0.0,0.0097,SEKER
2.4962,0.0,0.1581,0.0,0.0,0.212,1.9512,0.0,0.1237,0.0,0.0,SEKER
1.7726,0.0,0.2347,0.0,0.0,0.275,1.2085,0.0,0.2745,0.0,0.038,SEKER
2.419,0.0,0.2043,0.0,0.0,0.1839,1.871,0.0,0.1626,0.0,0.0033,SEKER
2.0903,0.0,0.1991,0.0,0.0,0.2209,1.5346,0.0,0.1924,0.0,0.0247,SEKER
2.9186,0.0,0.0831,0.0,0.0,0.1609,2.3742,0.0,0.0,0.0,0.0,SEKER
2.5348,0.0,0.13,0.0,0.0,0.2432,1.9744,0.0,0.1092,0.0,0.0,SEKER
2.4707,0.0,0.086,0.0,0.0,0.2415,1.9104,0.0,0.0626,0.0,0.0,SEKER
2.3985,0.0,0.1154,0.0,0.0,0.2363,1.8843,0.0,0.0998,0.0,0.0,SEKER
1.8107,0.0,0.0922,0.0,0.0,0.2496,1.24,0.0,0.1083,0.0,0.0409,SEKER
4.3749,0.0,0.1618,0.0,0.0,0.1329,3.8315,0.0,0.0,0.0,0.0,SEKER
2.0942,0.0,0.2048,0.0,0.0,0.2794,1.5244,0.0,0.228,0.0,0.0,SEKER
1.6926,0.0,0.1959,0.0,0.0,0.3049,1.1474,0.0,0.2454,0.0,0.0414,SEKER
1.8137,0.0,0.1355,0.0,0.0,0.2844,1.2729,0.0,0.1736,0.0,0.0242,SEKER
3.2122,0.0,0.202,0.0,0.0,0.1489,2.664,0.0,0.1077,0.0,0.0,SEKER
0.2213,0.0,0.0219,0.0,0.1597,0.31,0.0,0.2349,0.0128,0.0,0.2723,SEKER
3.1041,0.0,0.2566,0.0,0.0,0.1647,2.5384,0.0,0.1837,0.0,0.0,SEKER
2.2937,0.0,0.2737,0.0,0.0,0.1788,1.7439,0.0,0.2446,0.0,0.0164,SEKER
0.6259,0.0,0.0,0.0,0.0,0.2493,0.1191,0.0,0.0589,0.0375,0.1248,SEKER
1.9649,0.0,0.0102,0.0,0.0,0.2316,1.4034,0.0,0.0,0.0,0.0362,SEKER
2.7679,0.0,0.0943,0.0,0.0,0.2097,2.2242,0.0,0.0497,0.0,0.0,SEKER
4.1583,0.0,0.1361,0.0,0.0,0.1302,3.6246,0.0,0.0,0.0,0.0,SEKER
2.2385,0.0,0.0839,0.0,0.0,0.2222,1.6797,0.0,0.0598,0.0,0.0082,SEKER
2.1348,0.0,0.27,0.0,0.0,0.2535,1.5654,0.0,0.286,0.0,0.0014,SEKER
2.0085,0.0,0.2183,0.0,0.0,0.2677,1.4404,0.0,0.2418,0.0,0.0124,SEKER
1.1036,0.0,0.1891,0.0,0.0,0.2889,0.5367,0.0,0.2497,0.0,0.1167,SEKER
3.448,0.0,0.2735,0.0,0.0,0.1192,2.8895,0.0,0.16,0.0,0.0,SEKER
1.469,0.0,0.0,0.0,0.0,0.2698,0.9188,0.0,0.0,0.0,0.0598,SEKER
2.1624,0.0,0.1947,0.0,0.0,0.2489,1.6038,0.0,0.1972,0.0,0.0059,SEKER
1.6773,0.0,0.1889,0.0,0.0,0.3115,1.1039,0.0,0.2451,0.0,0.0349,SEKER
0.918,0.0,0.2426,0.0,0.0,0.3129,0.3774,0.0,0.2818,0.0,0.1602,SEKER
1.4089,0.0,0.221,0.0,0.0,0.3023,0.8456,0.0,0.2873,0.0,0.0721,SEKER
2.1301,0.0,0.1139,0.0,0.0,0.1292,1.5838,0.0,0.0578,0.0,0.0517,SEKER
3.1128,0.0,0.1402,0.0,0.0,0.1922,2.5595,0.0,0.0669,0.0,0.0,SEKER
3.651,0.0,0.1518,0.0,0.0,0.1677,3.0949,0.0,0.0434,0.0,0.0,SEKER
1.2479,0.0,0.0,0.0,0.0,0.2375,0.7231,0.0,0.0,0.0,0.0863,SEKER
2.3959,0.0,0.1133,0.0,0.0,0.2395,1.8326,0.0,0.0948,0.0,0.0,SEKER
1.9476,0.0,0.2337,0.0,0.0,0.3441,1.387,0.0,0.301,0.0,0.0,SEKER
1.1167,0.0,0.0,0.0,0.0,0.2952,0.5756,0.0,0.0,0.0,0.066,SEKER
2.1129,0.0,0.215,0.0,0.0,0.2668,1.5514,0.0,0.2314,0.0,0.0036,SEKER
1.7711,0.0,0.2164,0.0,0.0,0.3282,1.1921,0.0,0.278,0.0,0.0158,SEKER
1.0725,0.0,0.0,0.0,0.0,0.2773,0.5534,0.0,0.0,0.0062,0.0708,SEKER
3.9671,0.0,0.3272,0.0,0.0,0.2276,3.3418,0.0,0.2392,0.0,0.0,SEKER
2.0443,0.0,0.179,0.0,0.0,0.2657,1.4873,0.0,0.1992,0.0,0.0078,SEKER
3.4824,0.0,0.0,0.0,0.0,0.1628,2.966,0.0,0.0,0.0,0.0,SEKER
4.177,0.0,0.1221,0.0,0.0,0.1216,3.6498,0.0,0.0,0.0,0.0,SEKER
0.8258,0.0,0.0,0.0,0.0,0.3133,0.3475,0.0,0.0,0.0,0.0833,SEKER
0.4228,0.0,0.1615,0.0,0.0,0.3314,0.0,0.1216,0.1265,0.0212,0.2533,SEKER
2.2047,0.0,0.2285,0.0,0.0,0.2459,1.6431,0.0,0.2315,0.0,0.0003,SEKER
2.1948,0.0,0.0511,0.0,0.0,0.2465,1.6303,0.0,0.039,0.0,0.0027,SEKER
1.4296,0.0,0.0498,0.0,0.0,0.2863,0.8588,0.0,0.0995,0.0,0.0692,SEKER
1.825,0.0,0.2245,0.0,0.0,0.3135,1.2625,0.0,0.2758,0.0,0.0186,SEKER
1.1881,0.0,0.3044,0.0,0.0,0.3956,0.5877,0.0,0.4332,0.0004,0.0528,SEKER
3.2933,0.0,0.0803,0.0,0.0,0.1852,2.7531,0.0,0.0,0.0,0.0,SEKER
4.1633,0.0,0.1585,0.0,0.0,0.1478,3.6148,0.0,0.0124,0.0,0.0,SEKER
2.0719,0.0,0.1394,0.0,0.0,0.2601,1.5525,0.0,0.1525,0.0,0.0074,SEKER
1.067,0.0,0.2113,0.0,0.0,0.3042,0.4994,0.0,0.2753,0.0,0.1193,SEKER
2.358,0.0,0.0558,0.0,0.0,0.1531,1.8169,0.0,0.0,0.0,0.0254,SEKER
1.4728,0.0,0.0,0.0,0.0,0.2932,0.9565,0.0,0.0,0.0,0.0351,SEKER
1.576,0.0,0.2283,0.0,0.0,0.2518,1.0081,0.0,0.2697,0.0,0.0657,SEKER
4.493,0.0,0.1304,0.0,0.0,0.0628,3.9877,0.0,0.0,0.0,0.0,SEKER
2.4686,0.0,0.2604,0.0,0.0,0.3002,1.896,0.0,0.2817,0.0,0.0,SEKER
1.9441,0.0,0.075,0.0,0.0,0.2584,1.3933,0.0,0.0859,0.0,0.0242,SEKER
1.0233,0.0,0.2634,0.0,0.0,0.3429,0.4557,0.0,0.3453,0.0,0.114,SEKER
1.4825,0.0,0.0367,0.0,0.0,0.2848,0.9166,0.0,0.0796,0.0,0.0662,SEKER
3.5488,0.0,0.2183,0.0,0.0,0.2304,2.9864,0.0,0.1524,0.0,0.0,SEKER
1.7838,0.0,0.2783,0.0,0.0,0.2464,1.2262,0.0,0.3059,0.0,0.0493,SEKER
1.811,0.0,0.2779,0.0,0.0,0.3123,1.23,0.0,0.3362,0.0,0.0156,SEKER
2.1018,0.0,0.3523,0.0,0.0,0.2738,1.512,0.0,0.3859,0.0,0.0,SEKER
0.9294,0.0,0.0,0.0,0.0,0.266,0.4475,0.0,0.0,0.0284,0.0554,SEKER
0.9938,0.0,0.0,0.0,0.0,0.2972,0.4515,0.0,0.0,0.0,0.087,SEKER
2.1016,0.0,0.1444,0.0,0.0,0.2789,1.5459,0.0,0.1636,0.0,0.0,SEKER
2.0049,0.0,0.2083,0.0,0.0,0.2738,1.4615,0.0,0.2334,0.0,0.0129,SEKER
1.0617,0.0,0.1061,0.0,0.0,0.3114,0.493,0.0,0.1928,0.0,0.0994,SEKER
2.6899,0.0,0.1107,0.0,0.0,0.2225,2.1302,0.0,0.0686,0.0,0.0,SEKER
2.251,0.0,0.1221,0.0,0.0,0.2658,1.6901,0.0,0.1243,0.0,0.0,SEKER
2.932,0.0,0.1072,0.0,0.0,0.135,2.3906,0.0,0.0074,0.0,0.0,SEKER
1.3354,0.0,0.3861,0.0,0.0,0.3635,0.7467,0.0,0.4665,0.0,0.0625,SEKER
4.1829,0.0,0.057,0.0,0.0,0.14,3.6787,0.0,0.0,0.0,0.0,SEKER
1.7888,0.0,0.1348,0.0,0.0,0.2978,1.2244,0.0,0.1751,0.0,0.0281,SEKER
1.3096,0.0,0.2464,0.0,0.0,0.2171,0.7711,0.0,0.2624,0.0,0.1152,SEKER
1.5911,0.0,0.2079,0.0,0.0,0.3338,1.0186,0.0,0.2859,0.0,0.027,SEKER
2.1677,0.0,0.1524,0.0,0.0,0.2663,1.6339,0.0,0.1632,0.0,0.0,SEKER
2.9666,0.0,0.1618,0.0,0.0,0.1983,2.422,0.0,0.1025,0.0,0.0,SEKER
2.1565,0.0,0.179,0.0,0.0,0.2613,1.592,0.0,0.1889,0.0,0.0,SEKER
2.039,0.0,0.0,0.0,0.0,0.2355,1.5366,0.0,0.0,0.0,0.0183,SEKER
1.2765,0.0,0.0,0.0,0.0,0.2556,0.7417,0.0,0.0,0.0,0.0777,SEKER
1.3239,0.0,0.2025,0.0,0.0,0.3548,0.7469,0.0,0.2973,0.0,0.0574,SEKER
1.1888,0.0,0.0,0.0,0.0,0.2585,0.6576,0.0,0.0,0.0,0.0789,SEKER
0.3967,0.0,0.0,0.0,0.0,0.3527,0.0,0.0,0.0,0.0,0.149,SEKER
0.778,0.0,0.008,0.0,0.0,0.3211,0.2009,0.0,0.124,0.0178,0.1093,SEKER
4.7745,0.0,0.1654,0.0,0.0,0.1155,4.2361,0.0,0.0,0.0,0.0,SEKER
2.2963,0.0,0.1544,0.0,0.0,0.2675,1.7294,0.0,0.1573,0.0,0.0,SEKER
1.9917,0.0,0.2555,0.0,0.0,0.2358,1.43,0.0,0.2695,0.0,0.0262,SEKER
1.1618,0.0,0.0357,0.0,0.0,0.2177,0.6152,0.0,0.1039,0.0,0.0844,SEKER
3.996,0.0,0.1236,0.0,0.0,0.0873,3.4789,0.0,0.0,0.0,0.0,SEKER
1.3307,0.0,0.2109,0.0,0.0,0.3113,0.795,0.0,0.2886,0.0,0.0744,SEKER
1.954,0.0,0.3041,0.0,0.0,0.2552,1.3847,0.0,0.3326,0.0,0.0213,SEKER
2.2832,0.0,0.1526,0.0,0.0,0.1429,1.7408,0.0,0.0916,0.0,0.0367,SEKER
2.2132,0.0,0.1072,0.0,0.0,0.2254,1.7227,0.0,0.1002,0.0,0.0,SEKER
2.0523,0.0,0.1917,0.0,0.0,0.314,1.4826,0.0,0.2346,0.0,0.0,SEKER
1.5091,0.0,0.3092,0.0,0.0,0.2648,0.9413,0.0,0.3679,0.0,0.0674,SEKER
0.8209,0.0,0.0,0.0,0.0,0.2949,0.267,0.0,0.062,0.0089,0.1067,SEKER
4.8224,0.0,0.2365,0.0,0.0,0.0921,4.2554,0.0,0.0332,0.0,0.0,SEKER
1.1483,0.0,0.3429,0.0,0.0,0.3785,0.577,0.0,0.4598,0.0128,0.0709,SEKER
1.3077,0.0,0.0659,0.0,0.0,0.2803,0.7468,0.0,0.1206,0.0,0.0851,SEKER
4.367,0.0,0.2382,0.0,0.0,0.0967,3.8003,0.0,0.0629,0.0,0.0,SEKER
2.2747,0.0,0.1929,0.0,0.0,0.2164,1.7217,0.0,0.1732,0.0,0.0068,SEKER
2.2844,0.0,0.2237,0.0,0.0,0.2505,1.7379,0.0,0.2258,0.0,0.0,SEKER
4.37,0.0,0.1112,0.0,0.0,0.1398,3.8487,0.0,0.0,0.0,0.0,SEKER
1.7326,0.0,0.1809,0.0,0.0,0.2243,1.1707,0.0,0.1947,0.0,0.0613,SEKER
3.2384,0.0,0.176,0.0,0.0,0.1893,2.6827,0.0,0.099,0.0,0.0,SEKER
0.3686,0.0,0.1089,0.0,0.0,0.3365,0.0,0.04,0.1854,0.0471,0.2046,SEKER
0.3768,0.0,0.0429,0.0,0.0428,0.2464,0.0,0.1704,0.0531,0.0294,0.2549,SEKER
1.0674,0.0,0.3116,0.0,0.0,0.3755,0.5091,0.0,0.415,0.0145,0.0977,SEKER
2.6262,0.0,0.1915,0.0,0.0,0.268,2.0535,0.0,0.188,0.0,0.0,SEKER
1.9232,0.0,0.1904,0.0,0.0,0.2781,1.3618,0.0,0.2212,0.0,0.019,SEKER
0.3893,0.0,0.0185,0.0,0.0,0.2589,0.0,0.1614,0.0194,0.0533,0.2099,SEKER
1.6618,0.0,0.0388,0.0,0.0,0.2552,1.0999,0.0,0.0583,0.0,0.0579,SEKER
3.7395,0.0,0.1618,0.0,0.0,0.0986,3.2056,0.0,0.0111,0.0,0.0,SEKER
1.2259,0.0,0.3307,0.0,0.0,0.2816,0.6885,0.0,0.3493,0.0,0.1315,SEKER
3.3576,0.0,0.2167,0.0,0.0,0.1369,2.8055,0.0,0.1144,0.0,0.0,SEKER
1.5354,0.0,0.2549,0.0,0.0,0.2513,0.9756,0.0,0.296,0.0,0.075,SEKER
1.9871,0.0,0.3324,0.0,0.0,0.2996,1.4037,0.0,0.3815,0.0,0.0,SEKER
1.9064,0.0,0.129,0.0,0.0,0.2761,1.3602,0.0,0.1562,0.0,0.0203,SEKER
3.6878,0.0,0.1419,0.0,0.0,0.1354,3.1459,0.0,0.0102,0.0,0.0,SEKER
2.6176,0.0,0.3296,0.0,0.0,0.1791,2.051,0.0,0.2902,0.0,0.0,SEKER
1.6603,0.0,0.0839,0.0,0.0,0.2833,1.0933,0.0,0.1178,0.0,0.0503,SEKER
1.4502,0.0,0.1956,0.0,0.0,0.2991,0.8766,0.0,0.2622,0.0,0.0625,SEKER
1.747,0.0,0.2351,0.0,0.0,0.2847,1.1812,0.0,0.2812,0.0,0.0368,SEKER
2.2385,0.0,0.1118,0.0,0.0,0.2508,1.6745,0.0,0.1057,0.0,0.0,SEKER
2.5017,0.0,0.2047,0.0,0.0,0.2513,1.9453,0.0,0.1917,0.0,0.0,SEKER
0.8665,0.0,0.1716,0.0,0.0,0.2724,0.3431,0.0,0.2024,0.0,0.1527,SEKER
2.8261,0.0,0.0987,0.0,0.0,0.2092,2.3133,0.0,0.0476,0.0,0.0,SEKER
1.7958,0.0,0.0516,0.0,0.0,0.2647,1.2265,0.0,0.0692,0.0,0.0399,SEKER
0.1567,0.0,0.4561,0.0,0.2853,0.2306,0.0,0.6627,0.0,0.0,0.7656,SEKER
2.4053,0.0,0.2966,0.0,0.0,0.2397,1.8321,0.0,0.295,0.0,0.0,SEKER
0.9714,0.0,0.0,0.0,0.0,0.3006,0.3862,0.0,0.0378,0.0,0.1218,SEKER
2.3765,0.0,0.1875,0.0,0.0,0.2901,1.818,0.0,0.2034,0.0,0.0,SEKER
3.2699,0.0,0.099,0.0,0.0,0.1884,2.717,0.0,0.0131,0.0,0.0,SEKER
1.5168,0.0,0.3287,0.0,0.0,0.2117,0.9732,0.0,0.3347,0.0,0.1073,SEKER
0.9927,0.0,0.0354,0.0,0.0,0.2451,0.4429,0.0,0.1146,0.0,0.1049,SEKER
3.2196,0.0,0.1888,0.0,0.0,0.1629,2.6663,0.0,0.1014,0.0,0.0,SEKER
2.628,0.0,0.1876,0.0,0.0,0.226,2.0737,0.0,0.1618,0.0,0.0,SEKER
2.9722,0.0,0.3033,0.0,0.0,0.2724,2.3735,0.0,0.2865,0.0,0.0,SEKER
2.93,0.0,0.1118,0.0,0.0,0.1662,2.3763,0.0,0.0323,0.0,0.0,SEKER
0.6236,0.0,0.0,0.0,0.0,0.282,0.1012,0.0,0.0181,0.048,0.0968,SEKER
3.5976,0.0,0.1775,0.0,0.0,0.1883,3.0411,0.0,0.0849,0.0,0.0,SEKER
1.1692,0.0,0.1881,0.0,0.0,0.3433,0.6293,0.0,0.2872,0.0,0.0781,SEKER
1.0539,0.0,0.2784,0.0,0.0,0.301,0.5084,0.0,0.3128,0.0,0.1434,SEKER
1.9047,0.0,0.2759,0.0,0.0,0.2554,1.3376,0.0,0.3049,0.0,0.0276,SEKER
3.8045,0.0,0.1134,0.0,0.0,0.1738,3.2574,0.0,0.0,0.0,0.0,SEKER
3.994,0.0,0.0216,0.0,0.0,0.124,3.4893,0.0,0.0,0.0,0.0,SEKER
3.4206,0.0,0.2129,0.0,0.0,0.1574,2.8594,0.0,0.1176,0.0,0.0,SEKER
1.3244,0.0,0.1497,0.0,0.0,0.2177,0.7769,0.0,0.1824,0.0,0.1057,SEKER
0.9764,0.0,0.2809,0.0,0.0,0.3188,0.4493,0.0,0.3099,0.0,0.158,SEKER
1.8066,0.0,0.1191,0.0,0.0,0.2585,1.2437,0.0,0.137,0.0,0.043,SEKER
2.734,0.0,0.1341,0.0,0.0,0.2307,2.1716,0.0,0.0974,0.0,0.0,SEKER
0.9827,0.0,0.0,0.0,0.0,0.3046,0.5158,0.0,0.0,0.0,0.066,SEKER
1.8742,0.0,0.2467,0.0,0.0,0.2385,1.3194,0.0,0.2623,0.0,0.0435,SEKER
1.2633,0.0,0.2389,0.0,0.0,0.3737,0.6857,0.0,0.3492,0.0,0.0542,SEKER
0.9409,0.0,0.2895,0.0,0.0,0.3492,0.404,0.0,0.3433,0.0,0.1451,SEKER
3.3685,0.0,0.0,0.0,0.0,0.1913,2.8537,0.0,0.0,0.0,0.0,SEKER
2.0924,0.0,0.2584,0.0,0.0,0.2594,1.533,0.0,0.2761,0.0,0.0086,SEKER
2.8158,0.0,0.0101,0.0,0.0,0.1921,2.2774,0.0,0.0,0.0,0.0,SEKER
3.4422,0.0,0.1618,0.0,0.0,0.1714,2.8872,0.0,0.0653,0.0,0.0,SEKER
3.7056,0.0,0.058,0.0,0.0,0.1685,3.173,0.0,0.0,0.0,0.0,SEKER
5.5961,0.0,0.2069,0.0,0.0,0.0552,5.0624,0.0,0.0,0.0,0.0,SEKER
1.4903,0.0,0.2258,0.0,0.0,0.3375,0.91,0.0,0.306,0.0,0.045,SEKER
2.2412,0.0,0.1681,0.0,0.0,0.2768,1.6717,0.0,0.1791,0.0,0.0,SEKER
1.3169,0.0,0.2264,0.0,0.0,0.3551,0.734,0.0,0.3229,0.0,0.0584,SEKER
4.1814,0.0,0.1365,0.0,0.0,0.1494,3.641,0.0,0.0,0.0,0.0,SEKER
1.6378,0.0,0.3109,0.0,0.0,0.3144,1.0558,0.0,0.382,0.0,0.0339,SEKER
2.0913,0.0,0.1443,0.0,0.0,0.2854,1.5269,0.0,0.1652,0.0,0.0,SEKER
1.6075,0.0,0.2187,0.0,0.0,0.3464,1.0317,0.0,0.2995,0.0,0.0231,SEKER
2.0494,0.0,0.2101,0.0,0.0,0.2751,1.4854,0.0,0.2339,0.0,0.0068,SEKER
3.2002,0.0,0.2216,0.0,0.0,0.0831,2.6626,0.0,0.0966,0.0,0.0,SEKER
1.1123,0.0,0.0,0.0,0.0,0.2637,0.6153,0.0,0.0,0.0,0.0745,SEKER
3.0659,0.0,0.1862,0.0,0.0,0.1511,2.514,0.0,0.1003,0.0,0.0,SEKER
3.3543,0.0,0.1439,0.0,0.0,0.1808,2.7958,0.0,0.0557,0.0,0.0,SEKER
0.8964,0.0,0.0,0.0,0.0,0.2415,0.4379,0.0,0.0,0.0448,0.0496,SEKER
1.5259,0.0,0.0,0.0,0.0,0.2255,0.9858,0.0,0.0,0.0,0.0737,SEKER
1.7538,0.0,0.3703,0.0,0.0,0.3408,1.1569,0.0,0.4519,0.0,0.0073,SEKER
1.4765,0.0,0.256,0.0,0.0,0.3338,0.9289,0.0,0.3343,0.0,0.0542,SEKER
1.5221,0.0,0.0,0.0,0.0,0.1897,1.1261,0.0,0.0,0.0435,0.0,SEKER
0.9315,0.0,0.1273,0.0,0.0,0.2952,0.3795,0.0,0.2099,0.0,0.121,SEKER
2.732,0.0,0.398,0.0,0.0,0.2559,2.1188,0.0,0.3918,0.0,0.0,SEKER
3.6037,0.0,0.2041,0.0,0.0,0.1498,3.0426,0.0,0.0947,0.0,0.0,SEKER
1.8644,0.0,0.1367,0.0,0.0,0.2336,1.306,0.0,0.1409,0.0,0.0466,SEKER
1.2821,0.0,0.296,0.0,0.0,0.3787,0.689,0.0,0.4111,0.0,0.0504,SEKER
4.8395,0.0,0.2512,0.0,0.0,0.074,4.2747,0.0,0.0385,0.0,0.0,SEKER
1.6048,0.0,0.0,0.0,0.0,0.236,1.0643,0.0,0.0,0.0,0.0615,SEKER
5.598,0.0,0.1339,0.0,0.0,0.1126,5.0715,0.0,0.0,0.0,0.0,SEKER
5.7662,0.0,0.1726,0.0,0.0,0.0926,5.2284,0.0,0.0,0.0,0.0,SEKER
1.5962,0.0,0.1627,0.0,0.0,0.3309,1.0196,0.0,0.2342,0.0,0.0284,SEKER
2.4489,0.0,0.1374,0.0,0.0,0.2317,1.8858,0.0,0.1157,0.0,0.0,SEKER
2.4625,0.0,0.1825,0.0,0.0,0.2385,1.9136,0.0,0.1706,0.0,0.0,SEKER
1.3959,0.0,0.2792,0.0,0.0,0.2977,0.8139,0.0,0.357,0.0,0.0647,SEKER
2.3396,0.0,0.1116,0.0,0.0,0.2305,1.8163,0.0,0.1026,0.0,0.0,SEKER
3.3995,0.0,0.2782,0.0,0.0,0.1982,2.8181,0.0,0.2028,0.0,0.0,SEKER
1.7472,0.0,0.1304,0.0,0.0,0.3004,1.1875,0.0,0.1782,0.0,0.0235,SEKER
1.5284,0.0,0.1733,0.0,0.0,0.2729,0.9646,0.0,0.2171,0.0,0.0686,SEKER
4.9233,0.0,0.2,0.0,0.0,0.1211,4.3595,0.0,0.0012,0.0,0.0,SEKER
0.9366,0.0,0.2592,0.0,0.0,0.3254,0.3931,0.0,0.3075,0.0,0.151,SEKER
1.0082,0.0,0.2471,0.0,0.0,0.3559,0.4334,0.0,0.3439,0.0,0.1044,SEKER
0.9993,0.0,0.0,0.0,0.0,0.3081,0.4512,0.0,0.0067,0.0148,0.0775,SEKER
3.3253,0.0,0.2529,0.0,0.0,0.2038,2.7478,0.0,0.1839,0.0,0.0,SEKER
6.0969,0.0,0.172,0.0,0.0,0.1007,5.5516,0.0,0.0,0.0,0.0,SEKER
1.7145,0.0,0.159,0.0,0.0,0.2708,1.1599,0.0,0.1891,0.0,0.0507,SEKER
2.4855,0.0,0.1505,0.0,0.0,0.2189,1.9247,0.0,0.1218,0.0,0.0,SEKER
0.8002,0.0,0.0,0.0,0.0,0.316,0.2393,0.0,0.0542,0.0345,0.0922,SEKER
1.1741,0.0,0.2063,0.0,0.0,0.3592,0.597,0.0,0.3088,0.0,0.076,SEKER
0.9014,0.0,0.0322,0.0,0.0,0.2195,0.3644,0.0,0.0914,0.0,0.1248,SEKER
2.6777,0.0,0.2505,0.0,0.0,0.2595,2.1024,0.0,0.2401,0.0,0.0,SEKER
1.5318,0.0,0.3489,0.0,0.0,0.3535,0.939,0.0,0.4461,0.0,0.0291,SEKER
2.5973,0.0,0.3615,0.0,0.0,0.2537,2.001,0.0,0.3584,0.0,0.0,SEKER
4.7151,0.0,0.1169,0.0,0.0,0.1413,4.1881,0.0,0.0,0.0,0.0,SEKER
2.4945,0.0,0.3017,0.0,0.0,0.2031,1.9267,0.0,0.2802,0.0,0.0,SEKER
2.8864,0.0,0.0,0.0,0.0,0.202,2.3576,0.0,0.0,0.0,0.0,SEKER
1.9921,0.0,0.2405,0.0,0.0,0.242,1.4353,0.0,0.2524,0.0,0.0277,SEKER
3.0893,0.0,0.1573,0.0,0.0,0.202,2.5297,0.0,0.0926,0.0,0.0,SEKER
4.3652,0.0,0.2065,0.0,0.0,0.1367,3.793,0.0,0.0487,0.0,0.0,SEKER
2.3663,0.0,0.2901,0.0,0.0,0.1936,1.8112,0.0,0.2686,0.0,0.0,SEKER
3.4922,0.0,0.2057,0.0,0.0,0.168,2.9359,0.0,0.108,0.0,0.0,SEKER
4.9747,0.0,0.0702,0.0,0.0,0.1327,4.4722,0.0,0.0,0.0,0.0,SEKER
1.2288,0.0,0.0,0.0,0.0,0.2545,0.6896,0.0,0.0,0.0,0.0777,SEKER
0.709,0.0,0.1134,0.0,0.0,0.3578,0.1436,0.0,0.2288,0.0178,0.1243,SEKER
1.1745,0.0,0.3313,0.0,0.0,0.2917,0.6537,0.0,0.3454,0.0,0.1436,SEKER
4.4533,0.0,0.242,0.0,0.0,0.1853,3.8535,0.0,0.1062,0.0,0.0,SEKER
0.9551,0.0,0.2798,0.0,0.0,0.3895,0.372,0.0,0.3948,0.0,0.0976,SEKER
1.7389,0.0,0.2274,0.0,0.0,0.2654,1.1781,0.0,0.262,0.0,0.0473,SEKER
0.8476,0.0,0.2497,0.0,0.0,0.3541,0.2964,0.0,0.3139,0.0,0.1486,SEKER
0.9418,0.0,0.2994,0.0,0.0,0.395,0.3795,0.0,0.399,0.0,0.1101,SEKER
4.1993,0.0,0.1678,0.0,0.0,0.1433,3.6476,0.0,0.0185,0.0,0.0,SEKER
0.9474,0.0,0.0,0.0,0.0,0.2137,0.5455,0.0,0.0,0.0502,0.0252,SEKER
1.2022,0.0,0.234,0.0,0.0,0.1984,0.697,0.0,0.2213,0.0,0.1385,SEKER
2.0191,0.0,0.213,0.0,0.0,0.3189,1.4503,0.0,0.2603,0.0,0.0,SEKER
2.8941,0.0,0.0856,0.0,0.0,0.1986,2.3651,0.0,0.028,0.0,0.0,SEKER
3.3604,0.0,0.2019,0.0,0.0,0.1682,2.8028,0.0,0.1133,0.0,0.0,SEKER
1.6727,0.0,0.2311,0.0,0.0,0.206,1.1229,0.0,0.2384,0.0,0.0805,SEKER
2.0868,0.0,0.1667,0.0,0.0,0.2072,1.5382,0.0,0.1467,0.0,0.0348,SEKER
0.9742,0.0,0.0,0.0,0.0,0.2545,0.4378,0.0,0.0174,0.0,0.1022,SEKER
0.691,0.0,0.0,0.0,0.0,0.3425,0.1788,0.0,0.0,0.0,0.1019,SEKER
0.9161,0.0,0.0,0.0,0.0,0.337,0.4318,0.0,0.0,0.0017,0.0617,SEKER
3.1031,0.0,0.3014,0.0,0.0,0.1798,2.5252,0.0,0.2363,0.0,0.0,SEKER
2.0833,0.0,0.317,0.0,0.0,0.2341,1.5183,0.0,0.3305,0.0,0.0149,SEKER
2.8037,0.0,0.1372,0.0,0.0,0.2246,2.2413,0.0,0.0951,0.0,0.0,SEKER
1.9416,0.0,0.3253,0.0,0.0,0.2376,1.3667,0.0,0.3521,0.0,0.0252,SEKER
1.9897,0.0,0.2683,0.0,0.0,0.2565,1.4212,0.0,0.2927,0.0,0.0173,SEKER
2.216,0.0,0.2285,0.0,0.0,0.2449,1.6506,0.0,0.2327,0.0,0.0,SEKER
0.4001,0.0,0.0,0.0,0.0,0.3473,0.0,0.044,0.0007,0.0,0.1922,SEKER
2.7278,0.0,0.1111,0.0,0.0,0.2292,2.1882,0.0,0.0734,0.0,0.0,SEKER
0.9633,0.0,0.3392,0.0,0.0,0.4258,0.4085,0.0,0.4466,0.0142,0.0993,SEKER
0.9089,0.0,0.0887,0.0,0.0,0.3329,0.3342,0.0,0.2007,0.011,0.0993,SEKER
1.5315,0.0,0.2004,0.0,0.0,0.322,0.9635,0.0,0.269,0.0,0.0472,SEKER
1.7992,0.0,0.2211,0.0,0.0,0.2859,1.2286,0.0,0.2633,0.0,0.0296,SEKER
0.6042,0.0,0.0,0.0,0.0,0.2904,0.0458,0.0,0.0891,0.0063,0.1466,SEKER
4.0612,0.0,0.237,0.0,0.0,0.1642,3.4735,0.0,0.1113,0.0,0.0,SEKER
2.4106,0.0,0.2217,0.0,0.0,0.2127,1.8498,0.0,0.2019,0.0,0.0,SEKER
1.7893,0.0,0.0323,0.0,0.0,0.2613,1.2229,0.0,0.0449,0.0,0.044,SEKER
2.6563,0.0,0.1967,0.0,0.0,0.213,2.0959,0.0,0.1622,0.0,0.0,SEKER
1.1367,0.0,0.2351,0.0,0.0,0.3244,0.5665,0.0,0.3203,0.0,0.0965,SEKER
2.288,0.0,0.2054,0.0,0.0,0.2389,1.7252,0.0,0.2016,0.0,0.0,SEKER
2.7512,0.0,0.268,0.0,0.0,0.2056,2.1947,0.0,0.2284,0.0,0.0,SEKER
2.9305,0.0,0.238,0.0,0.0,0.1612,2.382,0.0,0.1663,0.0,0.0,SEKER
1.0669,0.0,0.0698,0.0,0.0,0.2935,0.5072,0.0,0.1517,0.0,0.0986,SEKER
1.6822,0.0,0.1795,0.0,0.0,0.3131,1.1145,0.0,0.2353,0.0,0.0338,SEKER
2.0894,0.0,0.124,0.0,0.0,0.2639,1.5563,0.0,0.1397,0.0,0.0,SEKER
2.0951,0.0,0.1132,0.0,0.0,0.2033,1.5422,0.0,0.088,0.0,0.0337,SEKER
1.8601,0.0,0.2346,0.0,0.0,0.2207,1.3098,0.0,0.2395,0.0,0.0539,SEKER
3.8939,0.0,0.0,0.0,0.0,0.1529,3.3977,0.0,0.0,0.0,0.0,SEKER
3.6176,0.0,0.0366,0.0,0.0,0.1664,3.0902,0.0,0.0,0.0,0.0,SEKER
0.8973,0.0,0.0,0.0,0.0,0.3456,0.419,0.0,0.0,0.0263,0.0491,SEKER
2.6377,0.0,0.0895,0.0,0.0,0.2358,2.0745,0.0,0.0552,0.0,0.0,SEKER
3.2639,0.0,0.1885,0.0,0.0,0.178,2.7074,0.0,0.1071,0.0,0.0,SEKER
3.9265,0.0,0.1479,0.0,0.0,0.1552,3.3811,0.0,0.0219,0.0,0.0,SEKER
2.2609,0.0,0.2719,0.0,0.0,0.2151,1.7095,0.0,0.2598,0.0,0.0079,SEKER
1.1164,0.0,0.2487,0.0,0.0,0.3054,0.5559,0.0,0.3102,0.0,0.117,SEKER
4.9318,0.0,0.1856,0.0,0.0,0.1152,4.38,0.0,0.0,0.0,0.0,SEKER
1.1726,0.0,0.0,0.0,0.0,0.2304,0.6278,0.0,0.0396,0.0,0.0955,SEKER
1.3658,0.0,0.0643,0.0,0.0,0.2453,0.8021,0.0,0.13,0.0,0.0566,SEKER
3.1525,0.0,0.2366,0.0,0.0,0.1531,2.6022,0.0,0.1519,0.0,0.0,SEKER
1.7901,0.0,0.0642,0.0,0.0,0.2572,1.2233,0.0,0.0788,0.0,0.0442,SEKER
1.7783,0.0,0.2321,0.0,0.0,0.3105,1.2011,0.0,0.2869,0.0,0.0219,SEKER
2.3844,0.0,0.1926,0.0,0.0,0.2941,1.8276,0.0,0.2111,0.0,0.0,SEKER
1.8128,0.0,0.0418,0.0,0.0,0.2674,1.2495,0.0,0.0549,0.0,0.0412,SEKER
2.3653,0.0,0.0236,0.0,0.0,0.1558,1.8312,0.0,0.0,0.0,0.0269,SEKER
2.0154,0.0,0.3028,0.0,0.0,0.2245,1.4591,0.0,0.3129,0.0,0.0293,SEKER
5.9101,0.0,0.2146,0.0,0.0,0.1085,5.3364,0.0,0.0,0.0,0.0,SEKER
0.2593,0.0,0.0,0.0,0.0,0.351,0.0,0.0995,0.0,0.0,0.3213,SEKER
2.3297,0.0,0.1668,0.0,0.0,0.2491,1.7676,0.0,0.1605,0.0,0.0,SEKER
1.7175,0.0,0.1765,0.0,0.0,0.2491,1.1422,0.0,0.2089,0.0,0.0468,SEKER
1.1312,0.0,0.2244,0.0,0.0,0.3469,0.5518,0.0,0.329,0.0,0.0808,SEKER
3.182,0.0,0.1954,0.0,0.0,0.2004,2.6459,0.0,0.1283,0.0,0.0,SEKER
1.5285,0.0,0.0,0.0,0.0,0.1908,1.0009,0.0,0.0,0.0,0.0801,SEKER
2.3987,0.0,0.1024,0.0,0.0,0.25,1.8346,0.0,0.0873,0.0,0.0,SEKER
1.5975,0.0,0.1025,0.0,0.0,0.2879,1.0316,0.0,0.1426,0.0,0.0563,SEKER
1.7677,0.0,0.1705,0.0,0.0,0.2642,1.2023,0.0,0.1998,0.0,0.0428,SEKER
0.1619,0.0,0.0,0.0,0.0,0.3525,0.0,0.0601,0.0,0.0,0.1747,SEKER
1.3753,0.0,0.175,0.0,0.0,0.2722,0.8074,0.0,0.2286,0.0,0.0837,SEKER
0.8622,0.0,0.0,0.0,0.0,0.3148,0.383,0.0,0.0,0.0048,0.0666,SEKER
2.0075,0.0,0.0658,0.0,0.0,0.1938,1.4524,0.0,0.0371,0.0,0.0465,SEKER
1.0803,0.0,0.0,0.0,0.0,0.305,0.5116,0.0,0.094,0.018,0.0744,SEKER
3.168,0.0,0.2192,0.0,0.0,0.169,2.609,0.0,0.1431,0.0,0.0,SEKER
2.5724,0.0,0.1376,0.0,0.0,0.1701,2.0207,0.0,0.0778,0.0,0.0,SEKER
3.4084,0.0,0.1468,0.0,0.0,0.1241,2.8659,0.0,0.025,0.0,0.0,SEKER
3.2766,0.0,0.1244,0.0,0.0,0.192,2.7171,0.0,0.043,0.0,0.0,SEKER
0.7789,0.0,0.0712,0.0,0.0,0.3063,0.2271,0.0,0.1689,0.0,0.127,SEKER
0.5763,0.0,0.0168,0.0,0.0,0.257,0.0561,0.0056,0.0893,0.0275,0.1481,SEKER
2.6037,0.0,0.1459,0.0,0.0,0.266,2.0368,0.0,0.1389,0.0,0.0,SEKER
2.8976,0.0,0.1273,0.0,0.0,0.2233,2.3402,0.0,0.0782,0.0,0.0,SEKER
3.5556,0.0,0.2325,0.0,0.0,0.2121,2.9734,0.0,0.1543,0.0,0.0,SEKER
3.4679,0.0,0.1831,0.0,0.0,0.2107,2.9191,0.0,0.1101,0.0,0.0,SEKER
2.7059,0.0,0.2451,0.0,0.0,0.2023,2.1455,0.0,0.2083,0.0,0.0,SEKER
3.895,0.0,0.1319,0.0,0.0,0.1634,3.3499,0.0,0.0059,0.0,0.0,SEKER
2.6254,0.0,0.0887,0.0,0.0,0.1615,2.0762,0.0,0.0162,0.0,0.0,SEKER
0.6904,0.0,0.0194,0.0,0.0,0.3056,0.1076,0.0,0.0605,0.0,0.1845,SEKER
1.6343,0.0,0.1692,0.0,0.0,0.3271,1.0645,0.0,0.2338,0.0,0.0326,SEKER
2.4663,0.0,0.2229,0.0,0.0,0.2289,1.9065,0.0,0.2062,0.0,0.0,SEKER
1.6208,0.0,0.2606,0.0,0.0,0.3466,1.0345,0.0,0.3416,0.0,0.0249,SEKER
0.4986,0.0,0.23,0.0,0.0,0.4172,0.0015,0.0033,0.2761,0.0243,0.2018,SEKER
0.2086,0.0,0.0,0.0,0.0,0.3595,0.0,0.032,0.0,0.0,0.2142,SEKER
2.5939,0.0,0.1938,0.0,0.0,0.249,2.0271,0.0,0.177,0.0,0.0,SEKER
0.4647,0.0,0.2215,0.0,0.0,0.4085,0.0,0.0385,0.2505,0.0163,0.2198,SEKER
1.2437,0.0,0.1668,0.0,0.0,0.2634,0.6706,0.0,0.2261,0.0,0.0977,SEKER
3.1667,0.0,0.0274,0.0,0.0,0.1255,2.6859,0.0,0.0,0.0,0.0,SEKER
3.0604,0.0,0.127,0.0,0.0,0.2076,2.4998,0.0,0.0633,0.0,0.0,SEKER
1.6941,0.0,0.3202,0.0,0.0,0.2569,1.1244,0.0,0.3679,0.0,0.0478,SEKER
2.499,0.0,0.0232,0.0,0.0,0.1939,1.9535,0.0,0.0,0.0,0.0,SEKER
1.5586,0.0,0.2416,0.0,0.0,0.3054,0.9843,0.0,0.3061,0.0,0.0493,SEKER
3.1308,0.0,0.2487,0.0,0.0,0.1329,2.5858,0.0,0.1549,0.0,0.0,SEKER
1.5764,0.0,0.2842,0.0,0.0,0.2855,1.0125,0.0,0.3387,0.0,0.0587,SEKER
1.2411,0.0,0.251,0.0,0.0,0.3189,0.6635,0.0,0.3406,0.0,0.0785,SEKER
1.0614,0.0,0.3469,0.0,0.0,0.4201,0.4744,0.0,0.4515,0.0195,0.0802,SEKER
2.3115,0.0,0.0,0.0,0.0,0.2354,1.7859,0.0,0.0,0.0,0.0007,SEKER
1.2287,0.0,0.2473,0.0,0.0,0.257,0.6812,0.0,0.2809,0.0,0.1213,SEKER
2.751,0.0,0.2439,0.0,0.0,0.2883,2.1938,0.0,0.2477,0.0,0.0,SEKER
1.9965,0.0,0.1948,0.0,0.0,0.2194,1.4382,0.0,0.1932,0.0,0.0344,SEKER
1.2404,0.0,0.1875,0.0,0.0,0.3428,0.7076,0.0,0.2794,0.0,0.0746,SEKER
1.9969,0.0,0.1711,0.0,0.0,0.2884,1.4261,0.0,0.1994,0.0,0.0072,SEKER
1.3553,0.0,0.106,0.0,0.0,0.2139,0.796,0.0,0.1372,0.0,0.0979,SEKER
2.6238,0.0,0.2854,0.0,0.0,0.1533,2.0795,0.0,0.2279,0.0,0.0,SEKER
