Feature_1,Feature_2,Feature_3,Feature_4,Feature_5,Feature_6,Feature_7,Feature_8,Feature_9,Feature_10,Class
30543.966,663.6328,153.7589,247.0673,-33.6235,70.4451,30951.9542,214.2995,-62.4897,14.7998,KDE_Synthetic
30874.6713,642.8966,181.9525,149.8171,5.4845,10.424,31274.2526,199.5121,25.9716,-12.4363,KDE_Synthetic
29341.0219,643.8591,208.9257,208.0284,-16.9961,9.2024,29694.4354,208.9501,-12.6058,-6.7541,KDE_Synthetic
32226.3302,572.6418,151.2182,117.8291,-106.6938,-86.8216,32299.8064,116.5285,60.1378,-128.2398,KDE_Synthetic
31835.6562,650.3853,228.861,189.3517,-7.6315,-27.0112,32151.8553,215.5336,14.293,-3.5986,KDE_Synthetic
32018.8787,635.1836,198.4131,232.0281,-100.2837,80.0847,32429.4283,192.5319,-20.2041,-15.414,KDE_Synthetic
31662.1345,857.3057,168.0004,303.3579,6.5834,120.7802,31797.4217,591.3913,177.2024,173.6114,KDE_Synthetic
31552.8502,773.9713,41.5162,505.5734,2.8873,60.3504,31664.6239,264.8832,-103.8279,111.6322,KDE_Synthetic
32236.9988,621.2757,225.7179,184.2977,45.3032,21.5528,32569.5822,173.6473,1.2632,-72.7936,KDE_Synthetic
32049.5389,636.36,227.2937,200.5535,18.8633,1.3847,32329.089,152.7397,9.6802,19.3135,KDE_Synthetic
31112.5187,616.4174,232.1705,166.0119,7.0495,71.3213,31442.5526,228.003,4.724,-82.7144,KDE_Synthetic
31856.2896,679.7893,152.9397,203.4161,24.5555,21.7815,32214.1507,233.4023,2.0831,24.277,KDE_Synthetic
31801.1223,658.211,237.5409,191.9542,27.3503,-8.7244,32073.3259,191.3787,20.876,11.8269,KDE_Synthetic
31065.803,667.8525,177.9267,184.1058,-46.4026,15.749,31513.1912,241.7624,72.288,39.102,KDE_Synthetic
32125.8849,517.8734,204.7017,66.4635,-298.2594,-103.003,32489.6254,509.1833,76.7037,-403.1888,KDE_Synthetic
31318.7186,610.3013,217.63,199.2398,9.3966,62.581,31578.4974,152.7364,-42.1526,-6.1719,KDE_Synthetic
31745.331,610.3014,275.2449,220.7545,20.3027,5.9766,32177.1591,296.8882,-72.3983,14.9071,KDE_Synthetic
30710.4876,565.793,180.9605,214.14,-46.0469,-40.0446,31054.5068,295.561,15.8367,-17.4623,KDE_Synthetic
30600.4523,538.705,194.879,123.2118,79.1721,28.1625,30934.4906,293.2123,-148.0159,129.5287,KDE_Synthetic
31698.2587,636.1213,235.1872,48.099,33.4339,-20.378,32092.1261,297.3477,-0.6119,6.4565,KDE_Synthetic
31803.2732,734.0456,156.2883,201.8152,-59.2815,31.867,32056.4498,224.8556,-23.1387,-69.242,KDE_Synthetic
31833.2717,609.3023,200.6835,167.5561,35.5886,7.6128,32052.2693,192.4299,-4.2795,28.924,KDE_Synthetic
32001.3744,577.8287,213.6754,211.3648,39.6529,23.1038,32194.0292,246.2748,49.373,-24.1639,KDE_Synthetic
30279.998,599.171,333.3662,19.1483,18.727,9.0783,30952.3431,266.3255,30.7232,-25.668,KDE_Synthetic
32081.2347,638.5291,475.4176,-59.7567,-209.628,-163.4631,32370.4787,171.4232,-244.7724,35.1184,KDE_Synthetic
28813.4511,771.9246,405.9855,234.341,200.4734,40.3366,29183.9601,254.4608,172.571,174.8433,KDE_Synthetic
31986.4832,744.3896,144.1307,228.2432,26.1364,-78.0484,32266.2795,142.7102,-23.7075,-2.1459,KDE_Synthetic
31955.7121,649.4131,309.3389,209.861,56.0948,-20.8954,32303.7948,222.2099,-69.246,-14.6679,KDE_Synthetic
31664.1973,718.4644,272.6479,227.9236,47.9119,-78.7906,32071.3808,222.2323,76.9793,-64.0175,KDE_Synthetic
30096.4212,573.8616,171.9277,201.5309,-27.5026,-28.7437,30374.188,186.2134,10.6251,81.6568,KDE_Synthetic
31977.302,58.724,-1028.4668,844.9638,1300.0478,278.4568,32085.0028,-85.5528,-497.9414,50.9564,KDE_Synthetic
29387.1746,687.0828,240.8439,205.2315,40.8615,6.4417,29715.9819,209.2842,13.6243,33.1991,KDE_Synthetic
31275.7206,809.389,433.5167,195.6007,-75.5491,-149.7518,31124.7929,255.2449,-158.9438,-127.4941,KDE_Synthetic
31994.9324,591.4196,195.0627,108.4768,9.8986,41.0864,32430.1711,225.3999,-37.1179,38.693,KDE_Synthetic
31869.0779,664.4368,236.9247,161.3824,2.963,36.0241,32286.6321,241.0796,34.7785,-69.9213,KDE_Synthetic
32062.8806,632.462,266.9225,267.4045,-84.4145,-40.3829,32516.6911,302.9284,-17.6772,39.3337,KDE_Synthetic
31742.309,552.9172,296.2982,471.8228,51.3878,-34.2375,32112.163,230.5791,85.3612,-241.9238,KDE_Synthetic
31856.079,640.5006,265.123,171.088,-6.8505,33.0658,32241.4101,186.3812,-39.0738,-57.3787,KDE_Synthetic
30077.7022,711.3163,51.0103,200.197,19.0432,13.8611,30376.3276,99.7915,55.0335,-43.0193,KDE_Synthetic
32103.1894,593.7475,222.9782,35.2823,-83.1123,80.2214,32264.4481,278.529,198.3943,92.6814,KDE_Synthetic
32247.5408,656.4542,195.5362,176.601,20.4809,-21.5254,32689.9564,194.7251,-6.9168,11.7221,KDE_Synthetic
31709.5228,674.1075,234.876,128.7049,-10.6765,-33.196,31980.3828,219.61,-12.5423,8.7094,KDE_Synthetic
31904.8712,581.9734,177.4279,227.1766,-8.2199,-36.8314,32120.1503,184.6807,2.0987,38.501,KDE_Synthetic
30262.511,602.7097,227.1851,227.5724,-27.6337,-26.9082,30585.9445,284.1698,6.7712,7.1206,KDE_Synthetic
30497.1674,733.3222,297.7324,65.1815,-35.9317,-38.1304,30935.0473,214.5156,26.1906,153.2808,KDE_Synthetic
31673.68,679.1433,223.1396,166.4265,49.207,13.3665,32015.8691,153.1127,-57.2503,-23.4931,KDE_Synthetic
31976.7027,674.6931,267.1588,156.0655,123.6474,83.0992,32455.4357,481.3222,295.5953,56.8491,KDE_Synthetic
31945.5482,675.9894,215.704,247.3578,-6.5653,-17.9672,32182.4304,180.9124,1.0466,-19.2356,KDE_Synthetic
32245.651,747.9563,136.5263,100.6457,-47.105,104.0457,32739.8125,169.3278,14.3821,108.4615,KDE_Synthetic
31673.212,623.4386,219.0716,198.8894,62.2016,0.6089,32053.1713,207.8407,2.9997,-2.8445,KDE_Synthetic
31932.3551,702.4486,179.1238,179.0004,43.4767,23.0566,32393.3245,125.3879,-2.364,53.4092,KDE_Synthetic
31660.6972,607.0376,176.5634,175.0859,39.3857,-99.9774,31935.1638,181.0256,-66.2142,72.0711,KDE_Synthetic
31232.2828,341.7166,-35.014,168.5285,140.1535,58.4421,31336.4134,262.9908,240.2182,339.0137,KDE_Synthetic
31674.3301,612.5372,214.9716,149.2112,59.3083,18.5113,32037.8336,177.5807,17.1447,30.2515,KDE_Synthetic
31983.0064,611.4003,194.2107,172.5005,-16.3369,-7.6906,32264.3816,253.4749,-86.0921,-12.5587,KDE_Synthetic
31069.5233,652.6856,198.0691,191.3615,13.7426,-33.5203,31480.549,192.2696,-11.0089,7.2572,KDE_Synthetic
31699.1451,649.8978,231.3144,259.0583,-8.3489,-27.3185,32030.0503,177.7861,10.4627,-9.6346,KDE_Synthetic
31908.523,686.5571,251.5586,-5.0068,-44.5266,37.674,32455.1662,193.3582,56.2705,1.3964,KDE_Synthetic
32186.036,641.8225,151.7131,203.3633,31.8636,8.0794,32610.1246,118.7411,60.2747,43.7973,KDE_Synthetic
29404.4957,635.4726,229.5304,153.561,-14.117,-33.0007,29729.8153,161.5311,-41.25,-5.0834,KDE_Synthetic
31974.4993,626.3501,202.4419,153.3822,-10.5677,-30.9942,32164.0941,224.1581,-19.9719,-27.8064,KDE_Synthetic
31969.7467,656.6995,234.5449,159.4487,8.8236,24.3047,32224.7801,166.2859,-3.1919,-23.1771,KDE_Synthetic
31793.6689,744.1349,150.8479,185.5857,-56.4838,-29.0293,32054.2782,202.4925,8.7292,17.9972,KDE_Synthetic
30771.3803,803.1334,226.5025,-15.2133,-228.9318,157.2468,31274.9873,353.2548,35.367,-272.0437,KDE_Synthetic
31593.7685,519.8582,237.4604,178.322,-4.5895,-14.2204,31803.3853,199.8155,26.3917,48.5704,KDE_Synthetic
31672.1386,589.4936,251.0229,231.9138,-20.0924,17.4396,32042.3082,199.6446,46.9561,8.9927,KDE_Synthetic
32307.2899,655.614,216.9821,208.9867,8.5001,16.3423,32511.8723,201.7239,-1.1693,-35.7508,KDE_Synthetic
31100.5824,627.9764,199.7203,222.96,29.4993,-24.0785,31412.3399,240.1375,26.0364,12.379,KDE_Synthetic
31856.5766,663.1673,242.6608,159.7513,27.3747,50.9735,32208.2271,225.0786,6.6197,12.4392,KDE_Synthetic
31247.4102,518.8725,304.8648,301.8305,-2.9672,189.3329,31463.7243,419.5984,392.4678,152.1342,KDE_Synthetic
32084.7417,597.056,181.2553,290.0029,-61.5336,-148.6956,32384.4989,-65.7506,49.2997,-34.2267,KDE_Synthetic
31843.1043,690.4914,291.5194,230.5687,56.649,46.2775,32207.7134,165.3352,9.0203,31.367,KDE_Synthetic
31521.0002,613.4179,199.8416,184.7751,-12.3908,-48.8792,31789.0308,177.044,13.6412,-11.9115,KDE_Synthetic
32194.6268,579.0527,268.4258,283.0733,69.3563,-150.1741,32384.878,337.2504,147.2702,-103.1615,KDE_Synthetic
31972.8386,636.1534,205.2587,171.4013,39.1329,20.4767,32233.183,125.8248,-33.7801,-10.0145,KDE_Synthetic
31834.804,690.2226,207.1151,152.9647,39.1933,-2.8399,32029.041,219.5326,-47.7257,-43.7621,KDE_Synthetic
29362.5439,646.9709,189.856,182.2204,36.5956,6.2444,29649.6862,207.3414,-21.7273,-28.9623,KDE_Synthetic
31170.6071,625.125,187.1341,162.9319,-22.0281,-16.1052,31498.3347,158.6589,-7.3698,59.3491,KDE_Synthetic
31623.8136,461.9913,158.9343,304.3171,-203.0484,182.8464,32261.7476,114.153,-11.5717,-11.1539,KDE_Synthetic
28430.572,408.5333,120.0759,-13.5469,-114.1107,143.9539,28520.1939,58.3211,-76.4143,85.9148,KDE_Synthetic
30486.3759,631.0465,177.547,139.7249,-14.5277,82.989,30900.0822,255.3604,70.2522,15.7509,KDE_Synthetic
30858.9587,326.9672,425.0977,723.1159,343.371,-34.1922,31423.3855,-80.412,27.1134,107.9896,KDE_Synthetic
31227.1951,584.2013,140.2283,179.7769,-75.6778,22.1972,31565.3186,218.7899,54.9544,15.3156,KDE_Synthetic
32123.1903,651.1818,231.5585,152.9744,47.3738,40.3681,32398.0042,181.0395,7.9511,48.3036,KDE_Synthetic
31313.018,635.1202,215.4664,146.4899,-4.8592,12.3039,31612.4867,215.8952,8.2546,-7.5951,KDE_Synthetic
32245.9108,637.1252,217.1192,180.4957,4.7353,-14.1393,32540.9721,195.8235,5.1975,83.3838,KDE_Synthetic
31237.265,643.3943,244.8259,156.2639,2.5521,-2.3837,31571.8129,183.2837,-8.9362,3.2711,KDE_Synthetic
31212.0137,653.2925,252.1478,168.1669,9.5656,9.5284,31468.921,201.8076,-4.6358,17.636,KDE_Synthetic
31365.0994,623.4309,252.6065,211.1108,-78.5915,-64.1546,31586.5499,191.0092,27.6215,-8.2556,KDE_Synthetic
31969.7486,588.9683,-13.0316,120.6011,-30.2531,124.3287,32356.1838,234.4781,128.8676,-13.7278,KDE_Synthetic
32063.6061,600.7448,386.0951,154.1507,-5.1272,-119.2855,32617.9003,201.5406,119.4318,157.4415,KDE_Synthetic
30871.1169,594.73,352.9203,240.1267,-292.0846,-40.5802,31836.7883,-212.1406,-128.9568,-80.5837,KDE_Synthetic
32104.1177,602.9456,182.7443,156.1633,-28.7785,11.9523,32400.7259,138.9668,40.4953,-57.6396,KDE_Synthetic
28705.534,779.9615,300.2314,233.2587,-233.3104,104.4857,29039.0809,229.3984,97.2304,9.3841,KDE_Synthetic
31142.1818,663.9246,241.4952,-48.017,-62.5937,-47.8206,31471.9678,140.3328,-7.1985,-174.1031,KDE_Synthetic
31819.4413,625.4038,179.7041,200.8527,19.7019,49.1875,32152.7302,198.8624,26.2992,44.7583,KDE_Synthetic
32164.4234,744.2305,142.4938,182.1378,-40.24,30.0932,32518.3983,228.7992,-82.2052,-45.157,KDE_Synthetic
31958.6555,971.7578,203.749,96.3779,-152.4429,403.5782,32402.6932,301.0986,48.7171,184.3587,KDE_Synthetic
32151.7841,911.9979,367.1774,8.8221,-251.185,-201.7079,32826.8865,356.6596,-55.2308,106.6299,KDE_Synthetic
31786.1756,481.7729,659.8145,36.9574,86.5935,126.9161,32318.3366,400.2103,-131.2744,-371.5046,KDE_Synthetic
32062.0133,836.6337,208.0707,139.7386,-129.0499,-16.3427,32548.8869,633.9546,95.7729,-251.8374,KDE_Synthetic
32273.4881,746.7144,309.2398,140.1403,-129.3942,50.0827,32475.9223,181.3639,55.9516,72.8072,KDE_Synthetic
31730.9687,706.7666,209.2069,176.757,10.7201,55.1495,32218.2637,224.678,15.4534,54.7195,KDE_Synthetic
32212.773,626.6309,220.6032,177.9167,-42.3719,11.2012,32567.1903,163.2668,3.707,-51.4001,KDE_Synthetic
30688.8043,636.7712,184.0566,176.1661,6.0257,-11.6551,31065.9742,178.1797,22.517,-1.1138,KDE_Synthetic
31664.4628,631.8336,196.059,171.6368,-16.4279,-47.6741,32031.5352,184.4277,30.7802,-18.2765,KDE_Synthetic
33312.2076,956.6803,599.6679,-115.8024,-228.1318,67.2306,33210.1002,627.1066,-974.4344,145.3215,KDE_Synthetic
30663.881,591.6564,262.979,201.3414,40.7616,-17.2033,31046.0438,174.8529,-36.6083,34.439,KDE_Synthetic
32038.2003,644.3831,232.5705,227.6611,30.1692,-24.6704,32325.7652,216.7914,1.8127,95.6489,KDE_Synthetic
31796.9621,719.852,245.2109,239.671,48.8865,25.9649,32020.3838,161.6046,35.9806,-44.4635,KDE_Synthetic
31857.1399,522.8294,332.2263,299.2588,-287.3932,-319.4425,32617.7661,-152.9822,-25.3587,-325.0026,KDE_Synthetic
32012.5141,656.2389,256.1698,91.587,56.7594,-47.0043,32329.9837,186.9638,32.4072,-65.0744,KDE_Synthetic
32048.2641,657.3189,209.984,176.016,-12.0613,15.82,32338.3061,261.3579,27.3622,7.0944,KDE_Synthetic
32279.0668,672.4869,163.4111,22.5113,157.6147,17.869,32565.4679,13.543,23.4763,-198.8719,KDE_Synthetic
28776.7684,619.8506,132.2131,121.6098,58.9239,55.6286,29069.8727,89.3994,-26.1752,-45.0087,KDE_Synthetic
32037.9662,578.3025,188.4907,185.9997,-51.6014,41.3986,32244.1068,224.3782,10.9591,-33.9318,KDE_Synthetic
31135.2111,630.3788,246.5024,276.0269,-0.1029,-135.8775,31552.9209,114.7368,12.1116,26.5546,KDE_Synthetic
30692.5701,534.7461,247.704,129.5669,25.5728,4.1889,31079.114,223.8369,42.1537,84.571,KDE_Synthetic
31084.6475,660.0377,235.6106,222.1918,-16.6652,3.6992,31493.4068,160.3845,-7.7731,-22.9897,KDE_Synthetic
31512.9868,824.6456,-608.962,1358.1307,-923.3734,298.6504,31079.0131,-230.0851,640.2498,604.0683,KDE_Synthetic
31832.981,670.2165,181.1439,323.045,35.6343,-10.5673,32295.6222,165.5308,-42.7299,53.77,KDE_Synthetic
32059.8397,745.6424,277.5045,141.3176,-28.16,34.0401,32538.0291,190.9029,83.1623,-9.4264,KDE_Synthetic
32015.7106,630.3673,234.5095,181.2162,5.4775,-18.5127,32260.9398,234.5078,-52.3458,-23.3297,KDE_Synthetic
32204.0096,690.9297,227.9509,123.6921,-9.4633,9.7495,32551.984,204.2944,-15.5547,25.0242,KDE_Synthetic
32247.1346,794.4312,102.1127,-120.6886,154.7583,357.8082,32376.725,461.8721,-191.6947,136.5097,KDE_Synthetic
31424.439,647.7967,283.4331,90.2135,109.617,84.3854,31764.963,309.1821,16.3963,62.6914,KDE_Synthetic
30865.1898,877.5114,35.5728,-112.117,528.4232,-326.6948,31609.0761,1681.1913,-688.0447,362.9029,KDE_Synthetic
28406.6033,540.8365,185.5758,106.5341,-81.3405,41.1186,28741.4853,247.0388,-84.8088,-12.7087,KDE_Synthetic
31468.2321,613.7337,33.798,128.5088,-90.664,-174.8154,31456.9839,237.253,193.2565,-137.5452,KDE_Synthetic
31783.4143,571.8967,422.8381,280.6576,179.891,27.4177,32401.4373,173.3309,-269.781,-323.2652,KDE_Synthetic
31189.0529,533.1469,-38.3976,355.7442,49.589,-179.4913,32120.0574,35.4244,80.8721,-203.5366,KDE_Synthetic
32056.2039,638.7746,254.8024,204.3149,-51.673,25.7716,32335.4402,130.0779,22.6421,1.6187,KDE_Synthetic
31820.2993,606.3158,212.276,168.9698,-29.127,-28.5996,32064.2648,195.0832,7.7361,28.1222,KDE_Synthetic
32125.405,668.0862,219.5475,170.8776,-21.422,-12.5169,32586.0605,243.2361,2.2969,26.9064,KDE_Synthetic
31824.148,633.0021,226.9432,163.8988,-47.6072,-19.2773,32191.0975,210.9228,-45.8439,-44.2257,KDE_Synthetic
31921.2115,700.9739,216.2066,493.3608,318.6325,10.9566,32413.496,180.0339,-255.9473,416.1879,KDE_Synthetic
31113.1954,527.7786,465.3111,15.0709,164.8499,-10.8786,31408.692,-154.9897,293.479,148.1117,KDE_Synthetic
31750.4758,692.2858,230.1729,196.9575,9.5438,-51.1091,32053.2534,166.2777,-4.1842,-21.021,KDE_Synthetic
33088.1738,2117.7433,333.4715,-470.726,-951.216,-532.8183,31833.0053,535.7401,382.3655,393.6978,KDE_Synthetic
32109.906,715.225,231.7815,201.4748,-0.1225,-3.0107,32579.9381,209.2544,15.8964,12.0886,KDE_Synthetic
32159.4625,578.6946,199.8318,135.1052,-14.3283,-0.3417,32447.3613,235.0318,77.5519,10.9907,KDE_Synthetic
31220.869,659.2868,226.6756,213.5669,20.6863,29.2965,31570.0822,165.0557,-30.9701,-46.4996,KDE_Synthetic
32109.7843,695.3548,258.379,215.2834,42.916,-8.2279,32576.1058,202.2844,-24.8298,-0.6278,KDE_Synthetic
32111.0545,1094.2806,569.9669,376.9619,649.6002,-185.2732,31834.9811,103.4268,465.3815,-956.8075,KDE_Synthetic
31514.967,641.5152,270.3093,212.4645,36.3403,12.8686,31780.0543,240.1596,85.3774,10.1913,KDE_Synthetic
30165.9256,610.2209,161.4623,194.7058,7.6864,-40.2375,30415.1409,172.0842,13.1013,2.2564,KDE_Synthetic
31540.3933,554.1305,302.2056,215.0649,80.9667,19.1467,31812.705,241.2793,15.1206,67.8807,KDE_Synthetic
32189.8836,611.2489,216.9966,129.7631,85.0235,-31.3127,32361.4844,196.3954,16.2153,18.4897,KDE_Synthetic
32270.8036,664.5366,201.4713,141.1657,34.0321,11.9081,32546.3892,170.5842,17.4018,14.9319,KDE_Synthetic
32034.6767,691.0712,178.1711,169.819,32.5106,7.1008,32454.5577,206.5225,1.4651,-87.4426,KDE_Synthetic
28222.5128,678.9218,331.9308,93.6567,60.869,-95.6414,28796.387,166.4181,-56.2543,43.3121,KDE_Synthetic
30036.2924,662.1812,196.5635,194.1426,26.3089,-19.2253,30758.0106,249.0798,-5.6865,17.7385,KDE_Synthetic
31361.735,633.2218,262.4585,179.6728,-22.9633,-11.0945,31570.4514,192.6783,-4.7857,-17.6639,KDE_Synthetic
29493.2041,659.4076,229.3148,168.9739,44.2812,-58.3722,29603.7369,176.3624,-22.1637,14.2971,KDE_Synthetic
32267.8128,702.7046,209.7161,194.2735,22.7602,-8.1164,32642.0671,225.5143,17.5464,2.3035,KDE_Synthetic
30830.3292,663.8295,265.6423,167.3772,5.5643,49.9184,31150.6774,186.7775,-36.2294,15.6971,KDE_Synthetic
31875.5288,384.4278,-93.9394,236.8039,200.8864,-55.8479,32270.9045,331.3262,-38.8713,-76.1456,KDE_Synthetic
31128.6939,626.0675,158.1086,231.3433,80.9215,-37.38,31489.4311,62.8748,-81.7463,18.2517,KDE_Synthetic
32231.4614,677.4521,238.3722,183.0652,-34.6492,47.3939,32503.5364,189.146,-5.6613,7.3504,KDE_Synthetic
31359.4148,646.624,243.6692,163.8638,-12.6545,8.2961,31584.8533,246.0668,32.6304,41.6046,KDE_Synthetic
31550.1601,694.7746,-11.5709,323.0843,142.3672,-209.1,31782.7886,269.9783,127.387,135.5003,KDE_Synthetic
32038.056,649.6355,202.8008,175.3009,-45.6631,-17.9119,32409.5716,225.1233,-13.1243,55.4383,KDE_Synthetic
31503.8601,607.3975,191.4445,109.1362,15.9077,105.7332,31788.0562,201.563,-48.4077,-21.1692,KDE_Synthetic
31383.7634,827.1267,431.623,282.6214,-247.1542,44.4912,31678.0905,291.4137,286.0539,-398.7899,KDE_Synthetic
31872.0103,530.1878,309.4047,254.6406,22.0243,206.6038,32105.469,239.511,-88.0244,-225.6894,KDE_Synthetic
31802.5266,664.871,171.5872,160.6646,-52.1802,54.1316,32264.8095,197.7694,38.0494,25.4008,KDE_Synthetic
30293.1707,923.0619,484.2181,262.8746,16.5496,-157.8884,30633.6499,89.9303,16.8552,-175.473,KDE_Synthetic
31984.7666,612.2396,233.8365,139.863,30.2946,-57.5636,32378.0798,182.8045,0.5236,-5.6602,KDE_Synthetic
30322.3187,614.7949,228.2207,180.8002,5.1536,8.2139,30609.5027,209.3567,-22.8461,25.7093,KDE_Synthetic
28410.5138,696.3114,250.0114,197.6976,29.7477,27.4183,28731.171,178.4672,7.5409,66.3927,KDE_Synthetic
30078.7262,152.3828,586.6201,-9.7752,1265.9446,586.0391,29877.741,-237.7897,664.1264,458.073,KDE_Synthetic
32120.5228,651.6661,126.9735,254.3691,-27.0277,-21.9121,32410.3656,202.3086,89.0576,-61.5641,KDE_Synthetic
31768.0041,1063.0342,1221.2958,232.1969,-350.2094,-47.417,32534.0022,360.1612,-1206.6706,834.0417,KDE_Synthetic
31281.7298,548.6047,68.7847,191.481,149.9052,69.0466,31411.5566,252.3352,66.3405,-80.7637,KDE_Synthetic
31185.8585,574.3206,114.4945,164.7276,-83.2218,-19.851,31511.204,176.8475,-66.4822,48.2332,KDE_Synthetic
31963.7848,631.75,201.0179,182.9776,15.5269,-18.5221,32268.7978,215.6549,12.9612,-16.7445,KDE_Synthetic
32095.05,421.4136,-436.0209,-275.5276,-516.9256,-614.9481,31398.1888,933.6996,-49.5235,549.4079,KDE_Synthetic
31187.3569,776.9014,221.0456,179.5174,55.9042,90.9416,31501.2617,258.9675,-45.1349,-56.303,KDE_Synthetic
31016.3527,606.3534,211.0244,80.0721,-91.8087,-78.2098,31531.8354,307.6029,49.6824,34.8421,KDE_Synthetic
31100.7923,629.1193,-15.4511,206.6006,299.2848,-190.1324,31606.5765,211.1874,-24.2791,-163.9776,KDE_Synthetic
32250.2734,621.3616,146.902,215.1589,-4.7317,-28.3509,32526.8804,196.0921,59.7298,-26.8289,KDE_Synthetic
31846.4066,658.4588,255.6514,229.5848,25.9643,40.7815,32161.2658,193.8283,-13.9161,21.2611,KDE_Synthetic
31998.8694,449.8813,252.9455,206.8777,-36.3161,49.0577,32351.1474,232.9375,-47.8596,-52.8266,KDE_Synthetic
32205.4145,648.7725,239.431,156.0308,-23.4757,-40.4786,32547.9709,215.2756,13.7568,-28.5455,KDE_Synthetic
30700.7649,644.2924,209.8964,154.7176,-10.0366,-4.2963,31062.4398,184.7765,-3.8892,32.9782,KDE_Synthetic
31031.8781,590.7069,160.2686,167.8843,-9.45,-26.9303,31441.4707,216.5401,-17.5101,-42.1997,KDE_Synthetic
31777.9919,657.3063,238.8194,185.8555,2.0248,-4.4874,32133.0091,204.2687,84.012,36.1078,KDE_Synthetic
32009.93,678.5176,177.4297,165.7483,-32.1434,-1.4255,32368.7512,188.7164,1.2125,-8.0437,KDE_Synthetic
30498.1457,723.7899,64.8362,168.074,-94.9842,-237.4476,31079.9793,240.9643,-66.6091,-256.5973,KDE_Synthetic
28728.2238,633.5443,216.6914,166.8101,-1.6992,2.8565,29169.8656,213.563,-2.3432,-6.3478,KDE_Synthetic
31639.105,682.1256,201.2699,227.2789,74.0278,-64.6117,32016.657,83.1455,34.2511,-67.1861,KDE_Synthetic
30816.9116,657.8704,182.7943,216.0059,46.406,10.0408,31129.5821,161.4733,-16.3613,13.7241,KDE_Synthetic
31669.5238,707.1616,166.064,180.4826,-140.6883,23.8951,32030.3183,134.6773,-3.3338,-8.6567,KDE_Synthetic
31340.1871,630.0489,241.9918,156.7504,83.8917,30.5057,31645.3222,190.8997,-29.9774,-20.235,KDE_Synthetic
32074.3772,391.9006,188.3554,211.8952,179.1039,174.771,32809.4183,326.3065,445.0103,198.3195,KDE_Synthetic
31372.6602,604.9215,109.7807,127.2873,5.6675,19.4163,31642.2729,168.0048,-15.8563,28.3655,KDE_Synthetic
30494.1378,615.1821,188.6591,177.9509,-17.5758,-16.3532,30873.865,200.474,39.661,86.7637,KDE_Synthetic
30006.9333,669.017,221.9345,130.2065,-14.4275,20.8966,30810.5345,175.4279,-28.1072,-72.6744,KDE_Synthetic
30806.9066,671.6239,276.8942,173.6022,-25.784,-35.6113,31144.7509,214.6166,17.2262,0.9472,KDE_Synthetic
32246.2024,603.024,258.869,158.4504,-10.2269,-19.6549,32710.7714,258.9358,-18.6092,-25.9516,KDE_Synthetic
31876.7665,584.1009,-193.4896,247.7472,535.9306,39.7187,32350.555,93.1935,15.0755,-105.0839,KDE_Synthetic
31667.7154,630.9286,298.6165,186.2546,25.1757,22.6763,32026.5822,223.8688,-21.6233,8.8766,KDE_Synthetic
31499.6884,615.9624,278.4437,65.4765,-101.0726,-36.2523,31809.7707,193.468,-31.026,25.8928,KDE_Synthetic
31706.2555,572.9414,89.1599,286.5617,20.0741,120.2872,32175.7612,282.3735,-46.5909,-43.4467,KDE_Synthetic
30498.8115,671.1271,246.4886,254.9143,-53.7339,-64.0677,31010.5595,185.2474,33.8196,-67.0988,KDE_Synthetic
32082.4647,617.1005,245.8302,164.668,-51.9669,83.0096,32251.1864,172.3976,160.3494,-121.4749,KDE_Synthetic
32234.6799,692.024,205.1927,184.9016,40.6434,-32.4075,32614.1725,199.3356,-11.4088,31.3365,KDE_Synthetic
31109.6335,659.2757,236.128,139.0754,-17.8384,-38.5632,31411.6963,191.2174,-28.005,-33.9921,KDE_Synthetic
31962.3172,430.7522,228.5799,251.13,196.5145,113.9866,32070.4757,396.9669,-14.5611,42.4567,KDE_Synthetic
31742.8359,671.0697,204.1343,161.8219,-6.6519,-0.8628,32062.3652,208.4233,-14.4425,24.0613,KDE_Synthetic
30939.2543,636.8095,222.3818,189.5534,-3.1564,29.5084,31270.0477,191.0834,-71.5234,10.8781,KDE_Synthetic
32014.4037,564.9389,187.5425,200.3163,9.7509,-77.4666,32294.3715,173.0378,-16.4837,-43.9737,KDE_Synthetic
30191.111,570.0742,217.5833,225.5393,-62.677,-64.2081,30513.8164,236.4999,59.6838,40.4149,KDE_Synthetic
31653.8848,571.1466,-22.1691,375.9288,124.8757,-108.8896,31752.1392,111.5374,83.9056,44.7912,KDE_Synthetic
31206.8402,769.0047,267.0705,247.5969,-76.0462,54.7409,31509.5428,96.3846,80.0721,74.9324,KDE_Synthetic
30304.604,645.811,-221.8641,266.2162,112.4663,85.9931,30109.4007,-13.4991,-164.5869,-175.9718,KDE_Synthetic
32177.391,609.3766,61.5002,240.9325,-137.1725,-55.3484,32364.0977,393.5345,125.6964,274.7738,KDE_Synthetic
30654.4754,600.5471,81.7084,62.7238,-63.1859,-49.8994,31053.5004,271.1771,-57.703,15.826,KDE_Synthetic
32196.9612,642.1476,238.2153,220.7895,-27.7238,-3.1082,32551.1078,161.4372,4.2951,-20.4592,KDE_Synthetic
31766.7027,642.9503,236.1122,80.2893,23.5102,61.8586,32184.8186,86.3116,-11.9807,24.3708,KDE_Synthetic
31284.5822,597.6873,238.3387,167.1529,27.9572,13.3363,31628.2765,157.6916,-25.103,-20.5479,KDE_Synthetic
31477.3261,671.2579,179.8301,219.6597,-61.5123,9.7073,31552.604,210.04,57.1185,19.3603,KDE_Synthetic
31316.7678,750.5574,-39.7844,302.7483,5.1045,-203.1267,32198.7814,241.1037,-5.8791,121.9619,KDE_Synthetic
30845.1969,639.4033,213.5712,207.0093,-24.6259,-13.8726,31123.8514,201.615,1.9858,-4.5237,KDE_Synthetic
31987.7624,610.3107,194.2133,131.9849,-79.985,48.5738,32428.2475,189.3444,-29.528,-8.714,KDE_Synthetic
31764.8376,749.9463,304.2959,230.9675,-35.4267,27.9655,32096.1368,167.3667,10.8539,12.5897,KDE_Synthetic
30855.9506,604.434,203.421,187.7204,-21.3744,33.2304,31154.2585,158.2745,1.0978,30.7227,KDE_Synthetic
31794.8132,680.6292,223.3792,195.5469,-44.8528,-8.6604,32274.8112,222.4407,-31.7845,16.6229,KDE_Synthetic
31253.3985,654.3972,160.6131,214.8673,-30.3698,-54.5927,31517.6274,200.6735,-41.5206,-3.0478,KDE_Synthetic
31350.8225,640.9882,219.6502,204.8537,5.2699,-15.5674,31648.4896,198.7032,3.0997,31.0807,KDE_Synthetic
31246.9316,642.7197,219.7019,185.2326,2.5857,-0.6687,31568.6368,171.062,3.3069,21.0755,KDE_Synthetic
31708.8874,660.4094,212.6336,203.0967,-0.4455,-16.5658,32010.8737,164.6655,24.8156,-0.4324,KDE_Synthetic
32014.5019,658.7061,221.6424,241.4174,-8.3438,-27.0504,32243.5709,184.7697,23.406,4.7526,KDE_Synthetic
31655.3233,681.715,242.5316,187.4851,7.6698,-13.8586,32010.798,220.1991,-45.7351,18.4541,KDE_Synthetic
31769.9643,648.7207,143.4825,196.3627,41.2177,-7.717,32040.0983,191.7573,-10.9288,-68.5922,KDE_Synthetic
32117.7628,712.1933,195.5238,211.985,-6.2537,-14.9086,32529.4271,208.3108,18.7293,27.3487,KDE_Synthetic
32081.8194,598.8127,188.2661,159.8998,1.2101,-12.068,32317.5345,215.035,-24.3722,-1.4893,KDE_Synthetic
31887.8464,694.7346,332.8122,175.291,59.4512,124.08,31907.6432,220.3949,-98.1754,26.95,KDE_Synthetic
32120.952,650.9331,144.5927,191.0096,34.3781,28.1713,32338.4268,157.0201,-15.856,-26.2497,KDE_Synthetic
31803.129,630.2755,241.5343,195.639,35.534,-68.0167,32196.8137,174.8834,11.4203,-18.9827,KDE_Synthetic
30131.2599,626.3461,241.2158,169.3313,17.4775,-2.1182,30386.9408,199.1738,33.3363,27.5996,KDE_Synthetic
32079.9015,1098.8771,-83.5824,314.6449,-153.4605,-91.873,32478.7724,221.077,265.3753,-44.1802,KDE_Synthetic
31979.297,644.5662,174.9374,176.8964,4.2245,21.5392,32394.8444,174.3431,-34.9173,1.8623,KDE_Synthetic
32226.9791,671.8943,240.7871,229.7837,-7.9731,-29.6509,32727.4827,228.1924,19.1888,-13.5044,KDE_Synthetic
29295.7459,242.4154,-110.5889,-522.5966,-114.324,-333.7476,29191.9053,-327.2918,606.9929,-79.3074,KDE_Synthetic
29397.1478,611.9484,234.4883,178.1929,19.3114,28.5472,29688.2373,146.9233,38.2431,17.998,KDE_Synthetic
32274.5591,622.7831,172.393,192.2842,69.5585,62.6576,32464.1882,179.4931,18.769,15.2077,KDE_Synthetic
32206.0043,705.1002,232.9507,126.6221,-93.3632,11.4253,32704.4037,202.0016,-3.2531,-23.5377,KDE_Synthetic
31148.3638,551.0403,231.1456,125.8208,-27.2037,71.3811,31439.3298,139.7766,58.0538,5.0505,KDE_Synthetic
29913.5667,744.614,280.5657,203.2471,34.8972,-7.7505,30575.0819,204.1388,50.7391,-75.0724,KDE_Synthetic
30919.7853,610.7905,221.7853,200.4281,-14.2098,-25.2948,31271.3648,191.9061,0.382,29.4363,KDE_Synthetic
31745.1314,658.7852,239.7467,151.6211,-27.1373,17.396,32173.1114,225.3959,-8.7687,-13.0527,KDE_Synthetic
32020.6004,611.4799,219.9979,196.7268,1.8377,10.256,32346.691,198.8323,18.1106,-1.75,KDE_Synthetic
30729.0739,623.6378,195.8599,239.7774,-18.6895,39.1849,31031.1229,213.5913,-55.0824,-128.1094,KDE_Synthetic
31469.3948,266.7309,226.8082,-390.6652,491.5102,549.898,31073.6008,-996.9768,-694.7052,82.656,KDE_Synthetic
31123.6779,704.9717,254.6017,147.4373,38.0202,18.421,31501.6437,250.0775,-46.9407,67.1672,KDE_Synthetic
31792.7506,667.8911,204.3954,209.4506,10.2798,44.0189,32032.2578,258.8575,6.3201,-33.7875,KDE_Synthetic
31140.3564,517.7297,229.2748,109.3973,-103.4069,67.1638,31745.1005,188.0116,-114.349,-22.7621,KDE_Synthetic
32024.9472,718.0384,209.5345,163.6652,-37.0964,16.6805,32508.6121,182.0733,-18.2884,-15.285,KDE_Synthetic
31784.0918,649.0546,183.0773,168.2492,-18.9768,27.2837,32185.7417,216.1455,1.4856,44.562,KDE_Synthetic
31956.7697,1013.8766,200.3933,294.4247,-35.9296,-55.0733,32243.3502,147.4816,-89.5985,-35.2132,KDE_Synthetic
31789.9134,675.1743,240.309,172.1797,-56.2041,61.3723,32152.0797,156.114,-0.0583,-1.8841,KDE_Synthetic
31786.4714,518.3355,289.0155,135.5831,-7.1303,-58.135,32084.0736,263.5705,36.7079,82.1033,KDE_Synthetic
32164.0084,432.3481,34.654,220.9685,2.2507,-28.1164,32401.455,-151.5582,22.5094,25.3225,KDE_Synthetic
30476.6076,683.1519,203.1852,169.5207,-22.8993,10.4345,30946.5183,203.7667,-17.2967,-14.0254,KDE_Synthetic
31912.1671,696.7824,317.5974,220.4595,168.6453,70.7642,32330.9261,294.2905,-69.5085,112.7812,KDE_Synthetic
30938.3607,725.0982,186.744,171.4542,-38.1297,-59.5802,31253.5882,106.7752,-17.2231,52.8737,KDE_Synthetic
32126.4726,580.3697,411.0746,244.2632,208.2485,-63.9829,32764.4756,235.0457,-167.6478,63.6923,KDE_Synthetic
31587.3359,549.883,231.1166,297.4981,-68.8992,-95.1333,31766.4072,156.1312,-44.4423,-5.2162,KDE_Synthetic
32109.3306,694.2674,249.5556,200.5653,16.1135,-22.273,32465.8254,233.0065,-27.1694,-16.1658,KDE_Synthetic
32010.213,742.3085,185.7884,219.1627,-56.7293,35.6467,32278.1046,155.7442,9.2322,3.9531,KDE_Synthetic
31827.516,685.8932,199.4214,165.5037,-44.579,6.4481,32326.1188,201.1373,15.2348,-51.912,KDE_Synthetic
32158.609,639.7826,237.2167,158.4636,21.0165,9.9914,32487.4484,155.4053,-45.4893,-3.4387,KDE_Synthetic
31649.8948,717.5402,325.2922,114.2035,12.1017,-50.1704,31965.7694,138.6196,35.6431,69.4077,KDE_Synthetic
30048.5457,512.3914,237.6185,257.4476,-39.8171,-162.8571,30377.6473,373.8758,-58.9994,23.2452,KDE_Synthetic
31799.8024,573.0142,188.328,249.7743,-42.3101,31.3835,32137.3304,165.2515,-5.9441,-44.407,KDE_Synthetic
31140.6081,666.0111,183.4169,270.7057,-7.8091,7.548,31459.1969,154.4012,13.3857,11.767,KDE_Synthetic
31201.8175,659.8835,213.9834,144.4425,-14.5777,-20.9879,31440.3958,183.5422,51.4121,-15.9212,KDE_Synthetic
32069.5303,613.4569,252.5921,194.0569,-0.7659,21.6484,32311.3975,177.0955,29.4348,7.3044,KDE_Synthetic
31786.9568,635.6091,188.1155,211.345,-42.4339,6.9398,32269.7896,200.5192,-23.7037,51.5191,KDE_Synthetic
31160.3834,674.6184,224.9254,214.5027,19.9958,16.2942,31506.027,183.1863,-11.5831,14.4335,KDE_Synthetic
31736.7165,658.8965,168.8793,200.9161,-11.9723,-88.1621,32094.8335,165.3283,48.9381,-115.808,KDE_Synthetic
32009.9978,605.2923,210.6694,211.3389,43.5879,33.5768,32307.9186,170.2969,-7.5075,127.8143,KDE_Synthetic
31543.0621,661.5653,203.3172,191.8452,-7.0659,-66.3809,31782.705,204.1012,29.9919,21.1992,KDE_Synthetic
31153.3878,672.3534,104.1524,101.6733,-1.6822,118.5895,31647.0381,1.6772,-88.8393,-16.6641,KDE_Synthetic
31932.3858,645.3796,-112.195,171.0951,154.6918,88.297,32547.949,61.3506,231.1202,136.4588,KDE_Synthetic
32236.0783,715.7369,122.0124,228.3738,71.5194,14.2478,32579.638,244.6866,-33.5251,-20.7009,KDE_Synthetic
32091.1163,522.2742,209.444,38.852,-83.2335,45.2866,32337.9575,253.5232,-156.6324,-84.0678,KDE_Synthetic
32110.9939,607.0177,205.7968,216.9003,-11.9788,71.4233,32526.6776,188.4487,-35.2425,-20.3926,KDE_Synthetic
31225.7104,637.5167,27.3754,190.6717,189.3777,-26.3079,31338.1366,124.7429,-145.1493,-78.3443,KDE_Synthetic
32134.4326,713.0554,230.3442,172.1037,4.8941,-44.9041,32654.7668,82.0811,-77.3322,-50.2306,KDE_Synthetic
30482.129,634.7542,243.312,228.5463,-4.8354,19.8173,30829.7701,234.0096,-49.4416,-19.7875,KDE_Synthetic
31287.109,663.2116,193.1155,95.9918,11.2818,-8.7759,31640.4483,187.5515,10.1223,13.7045,KDE_Synthetic
30902.7459,712.0968,190.7661,187.1606,0.0586,21.7808,31220.6861,279.2781,41.7636,73.1733,KDE_Synthetic
32038.6091,731.4446,224.297,131.3928,-74.3703,-119.5281,32375.3674,104.8989,-121.3511,-47.7112,KDE_Synthetic
32172.1002,601.7707,191.6317,229.9205,53.937,-115.8881,32527.8709,251.9526,9.535,-50.6512,KDE_Synthetic
32039.4715,659.7918,232.495,224.3055,24.2831,6.5795,32310.6341,227.7883,22.9607,-11.5427,KDE_Synthetic
30672.0501,1406.8267,-1274.4739,-74.6398,54.3029,163.4561,32280.6765,363.6231,-1030.1356,948.9528,KDE_Synthetic
28381.756,564.2565,232.3571,132.9053,-12.4077,-20.5682,28697.6883,141.9818,-29.2409,-8.6717,KDE_Synthetic
31596.9651,678.7548,207.1051,180.259,-24.689,-13.4574,32248.1796,198.2499,11.6226,5.9016,KDE_Synthetic
31310.3247,662.793,166.297,177.8244,-23.0707,-35.229,31308.5281,347.6261,-113.5102,163.5062,KDE_Synthetic
31187.7671,666.7817,228.476,216.955,-23.052,-3.4415,31547.0881,171.6686,-2.3692,-17.274,KDE_Synthetic
31993.3823,646.7666,242.1235,192.7967,49.6139,46.5477,32434.8224,151.4006,30.5074,19.1252,KDE_Synthetic
30769.1854,821.606,509.9928,608.06,-411.0044,328.9739,31566.9391,-237.381,480.3375,-471.9839,KDE_Synthetic
29608.9234,1070.7334,1199.4408,505.2834,700.5544,1249.8703,31293.5897,103.2719,-404.6916,-666.237,KDE_Synthetic
32066.5588,714.3697,220.7728,19.806,-65.616,-28.6338,32433.1243,237.4609,16.1924,-3.8905,KDE_Synthetic
31832.5701,656.8611,212.4545,158.7085,22.4404,-0.3755,32081.5171,195.9393,-6.185,24.5635,KDE_Synthetic
32213.05,660.6096,196.689,221.5497,3.7156,37.6976,32521.3454,216.2803,-30.6868,38.101,KDE_Synthetic
32020.1279,692.3943,153.9122,242.3751,-36.4178,12.6188,32303.3144,186.2552,-2.4003,-32.1069,KDE_Synthetic
31169.8383,639.4185,205.2465,152.2849,-7.5549,-5.0519,31554.1184,228.5813,79.6233,21.4257,KDE_Synthetic
31876.0436,667.7349,280.7404,182.7607,45.5444,-46.9672,32306.0635,124.2662,16.2905,43.4509,KDE_Synthetic
32235.5257,760.8523,184.3482,191.2077,57.6118,176.6093,32502.1402,242.6248,-48.278,87.6838,KDE_Synthetic
31807.3952,725.3328,247.9712,136.9357,-6.9257,7.8824,32147.4907,180.694,69.4062,28.759,KDE_Synthetic
30905.5522,802.6435,260.0429,432.0745,27.264,-42.8493,31434.4395,39.7508,107.9639,57.698,KDE_Synthetic
32107.7589,630.3384,231.2367,163.9441,2.2612,11.0429,32424.6437,203.1789,-30.0902,2.3175,KDE_Synthetic
32000.9475,674.7696,242.7006,173.8889,11.4432,44.1593,32397.5175,197.7086,-8.1523,6.7535,KDE_Synthetic
30483.4134,668.8593,201.3651,146.2542,-20.0812,-29.5533,30903.0882,208.3522,36.5481,14.2573,KDE_Synthetic
32088.7914,770.8421,151.2289,377.1768,4.0641,97.0571,32659.6436,459.1448,77.7473,-87.1013,KDE_Synthetic
31631.2523,627.3906,224.0065,214.368,46.9357,43.5261,32096.1561,155.5596,35.2541,36.9563,KDE_Synthetic
31286.018,988.673,155.3966,342.8572,-15.8322,-271.7425,31660.5747,-43.4849,174.8858,32.0684,KDE_Synthetic
31211.7208,620.5693,449.7346,143.5126,42.2956,76.552,31655.0975,185.0988,-37.9346,41.5586,KDE_Synthetic
30150.8285,671.2896,276.4747,-6.2627,-116.4146,-90.2947,30931.1741,85.3459,1.0562,85.399,KDE_Synthetic
31203.3827,570.3577,193.5417,162.6915,-12.0437,-8.6479,31544.5409,247.9246,67.4386,67.0044,KDE_Synthetic
32042.3601,614.1091,216.3617,217.6295,11.7081,-7.6062,32314.5769,206.3826,21.6691,-5.6383,KDE_Synthetic
31140.6329,606.8507,242.7049,189.6243,-17.3489,-38.6935,31444.1101,212.2462,-6.5031,20.0176,KDE_Synthetic
31192.3251,559.6598,229.1461,139.0704,67.1054,110.3482,31302.9799,196.6556,106.9356,-173.7617,KDE_Synthetic
31089.4421,621.4977,176.7124,214.571,-26.1904,211.8114,31471.5241,77.5143,-66.8913,-87.7554,KDE_Synthetic
32019.0871,614.2402,187.4836,192.138,20.9624,10.8066,32367.8126,208.2257,-27.6709,-9.5573,KDE_Synthetic
31423.1666,675.0314,211.9439,187.7844,-2.6413,16.6511,31603.0026,224.9647,-23.6077,46.4454,KDE_Synthetic
30264.2821,651.3285,226.5934,171.3627,-15.0103,-4.3922,30586.5213,211.6484,6.4776,-11.0186,KDE_Synthetic
30810.7431,640.8619,178.9646,165.9287,-3.2811,18.4035,31128.36,202.0387,19.1844,8.9953,KDE_Synthetic
30872.9128,669.6911,168.1549,212.5453,63.2897,-29.3627,31097.9151,262.7159,-10.9163,-55.0318,KDE_Synthetic
32038.3406,634.0759,185.7252,143.8026,47.5682,5.266,32344.439,254.8305,0.9581,-52.7388,KDE_Synthetic
31136.1672,668.4654,226.1611,208.158,8.1611,-5.0357,31499.0869,224.6633,13.8483,-16.4769,KDE_Synthetic
31092.2184,570.4873,129.623,342.559,89.8507,20.6918,31368.2668,337.2649,-140.6288,-143.9266,KDE_Synthetic
31834.8884,528.8969,205.4927,27.9723,6.189,-42.3427,32050.0507,-53.129,-96.8735,-25.2895,KDE_Synthetic
31982.2853,719.9895,35.1081,97.63,-56.5011,-139.3398,32506.1045,399.1385,122.3974,109.4232,KDE_Synthetic
28334.2543,655.4345,206.7237,193.926,50.1715,62.1839,28695.1945,170.8701,-3.3706,45.18,KDE_Synthetic
31945.9539,600.3516,221.2788,176.6594,34.2238,-28.2189,32251.908,208.6104,-9.2953,43.5055,KDE_Synthetic
31811.9651,578.0614,424.0236,33.3406,-214.0647,-23.5395,32096.68,61.7847,6.4409,124.3404,KDE_Synthetic
31997.2336,651.1588,124.7244,172.465,-91.1595,42.757,32362.1209,236.5527,-37.9599,32.8563,KDE_Synthetic
31900.2129,673.0988,289.327,174.1661,-54.3902,56.9262,32157.229,178.4444,10.0896,84.3289,KDE_Synthetic
28766.1252,626.5115,180.6389,215.5896,59.1111,55.8938,29185.5001,162.7924,-21.9963,13.2367,KDE_Synthetic
32175.6194,683.3559,265.2984,276.1765,65.0067,-91.2409,32325.4537,201.8734,-45.1976,16.606,KDE_Synthetic
31865.5587,636.2264,243.4176,187.3889,-22.4524,-11.7635,32052.7503,164.8674,-14.1432,-22.459,KDE_Synthetic
31859.7148,613.5294,246.7567,181.247,-29.5282,-15.655,32258.2166,166.0107,11.6825,19.2977,KDE_Synthetic
31268.8163,786.3591,196.3238,222.746,7.5471,-62.5326,31619.0966,224.8073,29.1454,21.0721,KDE_Synthetic
31697.9838,717.403,184.0744,194.0907,43.2918,-2.6446,32134.7087,184.7702,-13.2193,30.6384,KDE_Synthetic
31009.4698,169.3291,388.6408,847.7788,347.9317,400.3389,31481.1124,-123.8773,-269.1794,-200.1346,KDE_Synthetic
30845.4431,699.603,251.2373,199.3552,-1.2401,25.7377,31097.0013,144.5888,-21.2541,-45.821,KDE_Synthetic
31150.8831,684.3362,264.0986,98.3232,-56.4172,39.3909,31306.6742,236.9419,-6.7154,-10.3772,KDE_Synthetic
31138.5572,916.2141,268.6434,111.8519,-99.8714,-119.5668,31476.1922,28.8215,9.374,132.3942,KDE_Synthetic
32214.4422,703.2884,193.0823,161.8108,-24.994,-32.4834,32698.6355,223.3889,-48.5249,98.0646,KDE_Synthetic
31709.2695,674.9487,255.396,222.7221,-41.1909,35.2767,31969.326,230.4995,47.7899,-49.2442,KDE_Synthetic
32050.8704,624.5326,180.8412,153.5959,21.6791,103.4,32324.1526,179.7429,13.447,-45.4381,KDE_Synthetic
30915.3599,666.13,151.8068,232.9974,30.7736,-50.8579,31246.3892,185.3805,-14.3158,3.0917,KDE_Synthetic
31135.478,661.0021,159.3298,174.9864,40.276,11.7336,31495.3572,218.1353,-8.4322,48.1727,KDE_Synthetic
32118.4581,615.9805,225.7698,164.0401,-24.6802,8.9045,32354.6591,185.0396,-11.1655,5.3154,KDE_Synthetic
31339.9531,620.3294,264.9219,150.3116,17.0916,11.8618,31659.8063,210.5128,-10.4118,32.3761,KDE_Synthetic
30914.1176,669.8887,179.1264,204.918,-2.9869,27.7903,31260.6952,186.6782,0.2287,-4.0283,KDE_Synthetic
28534.6916,715.8729,-29.4094,355.0683,-216.2228,-522.1455,29152.9761,223.9228,-6.5331,-58.1811,KDE_Synthetic
31989.2684,692.3875,189.2706,213.3711,13.9643,32.338,32384.1809,246.1164,32.4557,-37.3566,KDE_Synthetic
32010.7022,624.2349,197.09,176.8517,-47.7695,-11.6326,32402.9781,233.8803,75.6515,21.0497,KDE_Synthetic
30251.6612,654.1767,235.7997,208.8561,-4.8445,-30.5305,30647.1841,134.9489,20.0863,-79.1046,KDE_Synthetic
30485.958,763.44,198.8357,276.9898,-5.7735,19.7052,30966.9822,228.8895,30.8774,-82.8909,KDE_Synthetic
28778.5871,594.1096,313.5791,188.5871,121.218,-16.0188,29205.0654,221.5393,-296.4506,299.169,KDE_Synthetic
31987.1907,684.058,193.4637,199.4393,-26.959,-11.1761,32233.6524,167.2452,9.9893,18.162,KDE_Synthetic
31963.0521,664.0368,220.677,179.7816,2.9651,-13.6745,32214.4257,285.9713,96.0679,31.1219,KDE_Synthetic
32194.7858,687.5902,160.8649,199.1885,101.6551,-92.5756,32627.7023,207.0129,146.7638,-14.6022,KDE_Synthetic
31243.2781,634.2944,232.8763,169.7787,19.2634,6.5869,31615.6033,208.5783,2.5483,11.922,KDE_Synthetic
31925.4067,602.7117,171.5916,138.8991,10.2854,-30.243,32259.6704,199.1844,64.811,57.5847,KDE_Synthetic
31511.5418,647.1513,205.167,173.5616,9.3397,-17.2318,31774.1601,190.0832,19.8025,12.403,KDE_Synthetic
31520.618,663.0072,156.3686,378.3858,91.4448,280.8547,32115.5956,236.5106,-234.9118,-67.143,KDE_Synthetic
31648.6434,657.2052,226.2877,175.8866,-2.6635,15.3206,32076.4706,197.5689,-29.7035,-51.5826,KDE_Synthetic
31841.089,539.2735,153.1093,134.1983,38.9414,-15.5203,32192.7473,226.4663,15.8303,67.2056,KDE_Synthetic
32272.6587,682.7334,248.0515,200.8759,6.5086,82.2417,32526.9941,167.6625,17.9369,-18.4435,KDE_Synthetic
29388.4033,635.5366,234.1126,163.7685,0.7551,-41.9311,29641.9024,194.8578,0.7037,-33.5518,KDE_Synthetic
32074.0785,649.7803,234.185,207.9676,-24.5796,-50.1278,32292.5631,235.0012,2.2805,-22.8909,KDE_Synthetic
31164.6538,646.0499,166.0894,157.5818,-26.3999,-27.8918,31455.58,164.1239,-23.2999,-35.6906,KDE_Synthetic
32006.5576,631.3201,192.3261,191.3632,30.5219,0.3658,32251.7408,219.2377,-11.0492,-1.7914,KDE_Synthetic
28872.8367,1051.5122,207.63,185.6496,387.89,11.8163,29075.7468,359.5973,254.6043,236.8523,KDE_Synthetic
31922.7118,639.9146,219.0564,162.3991,14.8689,39.5777,32175.5334,163.7314,-2.1329,-3.8732,KDE_Synthetic
32094.7333,408.1912,141.2278,-152.7056,341.232,-171.219,32888.5722,72.0309,152.26,211.8142,KDE_Synthetic
32116.279,752.3209,171.8041,165.2512,43.6275,-71.9917,32541.7482,159.0613,-24.9117,38.9353,KDE_Synthetic
32234.1473,666.7086,203.3581,189.7556,-44.0674,-3.0837,32766.7342,193.9567,-11.9354,-40.0927,KDE_Synthetic
32140.8993,703.957,225.6312,213.7471,1.3282,22.7735,32529.917,233.6897,-33.7459,10.902,KDE_Synthetic
30198.0226,977.6646,87.7066,470.516,-22.8508,16.574,30373.543,345.0404,-84.1391,-202.9657,KDE_Synthetic
28413.9369,327.3576,130.3907,158.9903,609.8979,-105.4666,29306.5766,-33.6668,-199.6251,368.5289,KDE_Synthetic
32002.7508,654.3963,263.6535,211.2168,-2.5683,53.8542,32378.3377,247.3747,-9.488,2.6802,KDE_Synthetic
32073.4416,580.8893,93.5849,448.6378,300.7111,-192.2741,32379.222,467.822,363.3398,96.9265,KDE_Synthetic
32086.7354,669.0044,301.8847,133.9571,60.2933,133.1163,32298.1434,156.7645,-28.5654,88.3067,KDE_Synthetic
32023.6982,679.9659,227.023,167.6583,41.4918,-8.9157,32278.5746,217.8066,-2.0978,16.8053,KDE_Synthetic
32052.6411,658.9266,220.5201,204.5761,2.4593,-1.84,32365.1963,227.5471,27.5325,15.3676,KDE_Synthetic
31136.7452,636.851,233.3115,140.7391,25.8728,20.638,31470.7071,182.0043,-50.6206,-13.2065,KDE_Synthetic
31668.7289,651.7595,241.944,202.7828,44.5535,1.8753,32003.719,201.5251,63.5782,21.4167,KDE_Synthetic
32135.2298,632.6131,205.4639,167.3779,15.2654,-25.7899,32533.3822,168.7933,-24.9623,-23.7347,KDE_Synthetic
28711.4282,625.0764,165.0263,228.4176,26.1633,16.6235,29163.7404,216.393,-3.7526,-9.2523,KDE_Synthetic
31895.117,666.7366,238.8753,132.7122,-30.1426,-77.6612,32343.0293,310.979,59.0265,55.4836,KDE_Synthetic
31719.3324,650.3409,189.4687,177.0466,25.9617,57.4033,32165.8843,292.1895,-31.4742,-22.033,KDE_Synthetic
31411.0493,771.6775,198.5532,288.3692,-111.4798,-332.6262,31670.8589,200.1284,-76.0612,198.4726,KDE_Synthetic
31219.334,657.6318,197.4583,190.0018,-60.6931,3.2227,31588.0942,196.2645,38.8679,28.8883,KDE_Synthetic
32161.2051,425.5997,225.8663,250.2309,98.5465,-58.9933,32244.655,14.919,-92.252,-3.9273,KDE_Synthetic
32108.9051,636.5633,251.3443,162.6094,33.9096,28.2625,32533.1956,208.4106,13.2897,37.4137,KDE_Synthetic
30703.5937,640.332,218.1648,186.2771,-8.8537,-2.7567,31034.2518,201.5186,3.6277,19.6281,KDE_Synthetic
30300.4999,660.1228,221.1744,189.2149,3.6965,-28.5206,30603.9567,183.6526,0.5982,-31.5757,KDE_Synthetic
31360.9818,643.5236,195.7701,171.6967,12.896,37.0147,31590.2399,192.025,-39.6117,22.329,KDE_Synthetic
28455.2101,809.1171,280.7837,-295.6282,64.2261,-124.6968,28757.6912,129.8244,357.3751,-108.3058,KDE_Synthetic
30292.0939,612.8851,213.7901,202.776,-8.9412,-19.9877,30595.0337,163.2463,7.4682,29.8631,KDE_Synthetic
30842.7371,602.7241,135.5768,140.6287,19.0205,16.3704,31104.5878,208.6852,69.2967,-51.2684,KDE_Synthetic
31765.6589,671.8504,230.9695,146.0671,-3.7501,-59.7954,32246.8642,225.4017,45.6797,103.2605,KDE_Synthetic
31778.1625,608.0769,165.8008,172.2377,-61.174,-7.9347,32004.8578,172.1158,32.5942,21.2593,KDE_Synthetic
32190.3917,660.316,242.598,210.1372,82.4877,10.4323,32499.5911,98.5981,32.747,50.9233,KDE_Synthetic
31639.5382,719.3051,-27.1371,230.8381,62.2487,187.6133,32192.2207,389.4512,-190.1113,206.8204,KDE_Synthetic
32372.4686,563.3716,184.9834,322.7119,190.9833,145.6621,32421.903,91.8374,108.994,28.7363,KDE_Synthetic
31865.7447,677.4164,212.3646,198.1904,24.927,10.4414,32251.8598,204.7587,-14.0737,-35.1977,KDE_Synthetic
31257.8589,652.0951,246.8081,213.2638,-22.6639,14.9231,31622.3393,200.9586,-12.7872,2.7705,KDE_Synthetic
31210.9818,626.8103,219.2807,191.8279,-19.5577,-40.6661,31550.7896,180.2173,4.8802,-26.492,KDE_Synthetic
31145.989,636.2307,210.688,181.3064,-2.8866,-69.2586,31451.5442,178.3432,12.4306,-9.1818,KDE_Synthetic
31554.0341,667.6945,203.0751,230.3475,-17.0982,61.2904,31800.369,248.276,-13.0508,-40.058,KDE_Synthetic
31583.1952,662.1231,210.8047,175.714,-17.4227,9.7231,32206.7045,210.8056,25.3313,6.1333,KDE_Synthetic
31961.5556,588.4888,201.5198,145.7988,-40.3564,27.7992,32219.3895,207.637,0.298,31.0683,KDE_Synthetic
31955.2825,638.7312,186.9966,177.3902,2.7629,-19.0426,32180.26,194.6352,-22.3691,-17.6576,KDE_Synthetic
31965.9205,680.0,256.3434,117.1496,-23.0951,62.2983,32410.3765,194.29,13.3723,-57.9837,KDE_Synthetic
31597.8472,595.0845,114.4038,223.0675,29.8217,-107.7931,31975.5623,221.2065,-37.2563,49.468,KDE_Synthetic
30720.7416,620.5276,89.1654,-37.4243,265.1226,142.5647,31275.7464,362.3545,116.8161,-349.7907,KDE_Synthetic
32071.5692,584.6246,231.468,227.7366,8.0406,-16.8579,32407.6991,157.1452,5.978,-20.892,KDE_Synthetic
31181.1463,730.5604,-6.8015,98.3753,-101.0764,-23.5992,31639.0755,-36.1846,-77.2635,-7.1005,KDE_Synthetic
32127.5592,640.8225,107.2453,302.8129,-27.9709,53.6221,32354.6733,242.5012,-54.5312,61.3277,KDE_Synthetic
31997.8679,680.051,147.2617,85.8334,82.493,-43.089,32273.8537,241.8305,-21.1447,-42.694,KDE_Synthetic
30727.5219,360.3497,443.3809,819.7077,628.9551,512.6718,30984.8638,291.1531,-616.7364,443.9865,KDE_Synthetic
32023.1607,663.0323,186.0522,164.9157,5.9976,39.7785,32361.1366,156.3138,-13.5709,-32.8894,KDE_Synthetic
28361.3424,556.5123,211.5414,204.445,-102.4413,17.0907,28697.3147,142.9681,76.6805,31.1273,KDE_Synthetic
31126.9774,589.9674,266.8004,241.7147,213.7361,-292.4719,31435.5244,-21.6969,-308.3037,118.6042,KDE_Synthetic
29362.0912,459.7596,28.38,297.005,161.6125,-222.0307,29952.2824,75.2484,-36.7189,-199.2242,KDE_Synthetic
30331.0477,629.6781,581.8662,-139.3526,-314.9694,96.7597,30735.9352,409.9861,-61.538,-87.3588,KDE_Synthetic
31741.7904,727.2846,281.0479,206.0637,-40.2123,21.5308,32129.4275,186.1997,32.4679,-13.0312,KDE_Synthetic
30135.3841,651.1042,227.0128,214.3553,33.4627,-79.4996,30323.9623,197.1655,-30.2866,26.2471,KDE_Synthetic
31609.9393,700.7434,144.3777,109.134,40.2915,52.84,31927.7279,189.5374,-36.3801,-12.4932,KDE_Synthetic
30919.5963,645.6002,186.4152,125.0792,-44.5322,-42.5196,31097.3515,196.031,-18.5347,-19.39,KDE_Synthetic
31187.456,668.121,212.6974,253.8875,-90.9026,2.4931,31595.8723,146.4513,40.5599,8.8672,KDE_Synthetic
31216.5492,515.2231,130.1873,388.176,79.6101,-68.972,31691.9021,210.1399,34.3401,-154.8301,KDE_Synthetic
31113.4128,675.716,165.2555,213.1095,-17.1931,25.7081,31410.7808,208.6046,59.1914,11.5134,KDE_Synthetic
30473.1553,695.8005,224.5098,193.6683,83.6405,-39.0479,30870.3042,253.607,83.3068,-57.5304,KDE_Synthetic
31231.1759,603.8209,197.4431,185.2973,24.1244,-34.6086,31532.3529,182.8199,70.4918,91.3004,KDE_Synthetic
31118.1714,668.2278,249.0553,188.7959,-17.7709,-1.7821,31473.8408,219.6818,-28.9252,-22.2327,KDE_Synthetic
30297.643,665.923,191.4537,147.3245,55.1092,18.6242,30582.8303,211.1929,-13.5691,-2.0568,KDE_Synthetic
31263.9033,642.3054,200.0226,199.9187,13.648,-10.7803,31624.943,189.6079,8.1179,-11.9302,KDE_Synthetic
28384.4766,573.9451,169.8707,128.8553,74.7905,-13.6556,28786.2761,212.5417,32.5804,28.6481,KDE_Synthetic
31952.9719,841.8489,118.6746,139.9044,42.405,-47.4895,32132.934,290.2027,7.634,-98.2933,KDE_Synthetic
31935.5599,664.4628,175.8838,214.0936,22.5676,23.9864,32211.3861,213.6119,35.7055,19.2137,KDE_Synthetic
31977.9956,712.3393,107.3595,341.891,236.0645,-121.727,32209.373,318.8444,107.9879,-63.9088,KDE_Synthetic
31641.4767,621.7214,130.3929,145.1166,90.5291,-22.9222,32031.0685,219.7351,27.8628,-28.8682,KDE_Synthetic
31596.8829,709.9064,189.2297,189.1685,22.5901,14.0131,32170.0791,188.7237,3.2294,-8.7077,KDE_Synthetic
32406.6162,707.7045,206.5819,75.2056,28.3578,59.6908,32432.6646,270.3784,85.5187,-23.4192,KDE_Synthetic
31790.5764,637.0557,250.2915,201.9341,-16.8586,1.5516,32043.6004,251.3209,-8.0882,-6.6395,KDE_Synthetic
30286.2842,648.7149,203.5775,202.5166,-16.8757,-15.3621,30585.2961,163.8183,-13.1044,10.4249,KDE_Synthetic
32011.3799,682.2078,173.9238,211.8582,17.6697,-69.9064,32366.4766,255.7135,-54.4735,1.3091,KDE_Synthetic
31854.0397,631.1584,229.8434,195.1874,45.2728,-2.4186,32226.323,232.2849,-14.4718,-2.9829,KDE_Synthetic
32060.032,475.9493,412.1119,337.1728,-83.8139,30.9078,32565.4857,203.7519,-143.4209,10.7979,KDE_Synthetic
31348.2812,631.7137,219.1115,216.76,22.7737,-27.6157,31613.7066,181.1321,-8.2687,23.8667,KDE_Synthetic
31841.5362,662.2684,150.6611,199.208,70.1747,-28.8011,32144.9912,270.0004,17.01,-43.736,KDE_Synthetic
31099.0683,673.2109,231.4528,155.9463,16.119,7.5722,31418.1207,191.0378,-13.0716,28.8813,KDE_Synthetic
30693.7921,659.6385,197.9514,191.6308,-16.8829,-4.1612,31048.717,197.4755,-9.907,41.2331,KDE_Synthetic
30957.0765,612.5211,265.7116,131.5097,-1.6322,-27.0222,31301.1111,190.899,75.2463,41.0901,KDE_Synthetic
31199.0669,619.2568,194.5666,199.259,-62.0364,-1.2233,31661.786,250.0197,28.9204,11.7554,KDE_Synthetic
28979.3226,701.9478,345.3743,588.4027,-97.6571,-472.8348,29690.3689,616.6732,531.465,476.4401,KDE_Synthetic
32259.2416,571.9929,276.1395,192.7554,-22.0677,44.0837,32565.4097,245.0875,12.762,-6.8188,KDE_Synthetic
28434.0165,621.9836,160.0439,140.5914,-27.9599,54.8665,28704.8501,121.3524,-16.4563,53.1389,KDE_Synthetic
30142.6167,188.0975,33.8372,216.1866,550.7836,157.5953,31299.2028,189.344,-71.544,-888.7421,KDE_Synthetic
32061.3252,662.4456,157.1189,220.1845,-54.6415,34.644,32419.1021,204.3017,-14.8667,-3.3679,KDE_Synthetic
31661.2786,683.6433,273.4866,163.0189,-1.0428,-30.3631,32036.9276,189.8867,25.5165,3.8201,KDE_Synthetic
32090.6233,661.6437,255.9522,183.1789,40.0406,-3.3542,32559.7108,174.1936,-20.9612,-19.6037,KDE_Synthetic
32233.8217,635.9265,195.411,203.5821,37.9033,-15.3964,32594.4878,210.9705,-9.3838,-25.9501,KDE_Synthetic
31716.1558,613.089,181.9381,152.9567,10.9363,19.8941,32098.894,206.5845,18.3096,20.1634,KDE_Synthetic
32019.0008,709.9858,225.1503,183.7518,46.874,-13.9892,32482.5173,241.1886,58.5424,-13.2906,KDE_Synthetic
31129.4582,665.1522,399.9786,313.7975,-3.8724,30.8895,31342.1011,182.1533,-10.2815,-11.4566,KDE_Synthetic
29656.3814,-260.7358,676.6665,-776.0974,-432.3912,-925.8286,30939.5905,240.5208,179.1402,459.8609,KDE_Synthetic
32122.8871,646.7701,238.6635,180.7101,27.1924,9.9353,32407.6422,205.5196,5.7441,-1.1092,KDE_Synthetic
31575.3494,674.8051,88.6131,121.0332,49.0941,-0.9031,31837.319,247.4729,-107.9215,-7.8653,KDE_Synthetic
32138.8116,636.3412,172.7052,128.5479,-23.161,-2.7503,32510.6193,292.8185,-16.4041,-31.0081,KDE_Synthetic
31360.0751,645.4462,221.8023,223.5267,-21.6929,-11.8749,31591.2328,239.1927,-5.1693,-27.2858,KDE_Synthetic
32081.4446,671.4543,203.8979,221.6847,-20.6937,30.479,32379.1467,243.8283,2.6276,8.6417,KDE_Synthetic
31936.5092,848.9135,255.3945,-4.8964,-294.1,271.1464,31975.5666,-129.0773,-38.3264,284.3178,KDE_Synthetic
31848.95,283.9555,695.9458,499.6638,778.7852,66.636,32648.601,-144.46,-941.1039,139.1392,KDE_Synthetic
32211.7291,671.6197,239.3636,219.5517,40.3795,-31.5799,32602.5697,227.8805,44.1389,5.8571,KDE_Synthetic
31830.7389,704.8392,261.9004,37.6998,61.0759,123.1632,32418.4916,207.6824,-78.1266,8.4899,KDE_Synthetic
30024.5485,640.2542,291.7951,159.5073,-215.3711,50.1735,30871.972,434.2456,-66.3981,4.544,KDE_Synthetic
31612.2863,613.1136,166.8798,183.7023,-75.7689,-89.4886,32157.7329,290.9401,4.3299,34.9759,KDE_Synthetic
31755.3648,628.9056,258.2884,256.7453,-20.9681,2.5009,31942.9624,220.6407,-2.0008,-18.0452,KDE_Synthetic
32098.7092,691.3746,195.6861,192.8621,22.8083,-6.4386,32560.993,205.14,77.9273,4.7147,KDE_Synthetic
30023.2472,640.3202,205.0775,199.6578,26.0477,37.4389,30729.0867,211.0096,11.4099,-27.5085,KDE_Synthetic
30473.182,-275.7598,503.7948,342.385,323.8177,-360.3045,31371.1294,525.8842,132.1121,-45.1309,KDE_Synthetic
31978.6844,654.5206,195.2536,122.0857,-2.0471,3.769,32194.5779,146.2469,-31.3924,-60.9872,KDE_Synthetic
32665.1738,479.0339,107.8051,235.2277,-47.5926,117.0769,32822.3252,287.0841,228.8906,-432.248,KDE_Synthetic
30915.6949,605.4085,211.0287,166.2559,12.0961,37.7429,31222.9966,230.9649,17.6309,-34.9046,KDE_Synthetic
31679.2879,641.5002,283.545,147.9662,-5.5798,-2.5836,32028.3592,209.8402,-38.4242,13.0891,KDE_Synthetic
32245.5281,618.7852,224.9414,191.8444,-17.5476,-4.2,32487.7051,167.5446,7.2027,-28.6849,KDE_Synthetic
31879.1002,685.91,217.8824,149.2306,190.4016,125.3693,32246.0822,242.8527,-102.3825,123.6691,KDE_Synthetic
31517.3923,735.3264,269.4456,43.6779,32.9961,-37.4085,32075.0366,300.8848,288.7922,-72.4065,KDE_Synthetic
28404.163,593.2289,142.3741,220.9001,40.5672,42.0074,28744.0022,254.9023,48.8325,39.0883,KDE_Synthetic
